prova,ciclo,tier,box,sbb,rp,nome,sexo,nasc,nmgc,sbb_pai,nome_pai,sbb_mae,nome_mae,criador,media
Um Ano de Freio,2025,2,100,B651168,43,RELICÁRIO DE DON COLOME,MACHO,05/01/2023,8,B552436,LOS ROTCHA RELICÁRIO,B282962,ÓPERA DA BOA VISTA,EDSON LUCAS COLOMÉ,
Um Ano de Freio,2025,2,101,B675711,08,GURIA DA CHÁCARA DA FIGUEIRA,FÊMEA,14/12/2022,6,B466229,PATAXÓ DO CERRO VELHO,B226108,BUTIÁ VALSA,CHÁCARA DA FIGUEIRA,
Um Ano de Freio,2025,2,102,B662243,28,BLOGUEIRA SUL RIOGRANDENSE,FÊMEA,05/12/2022,7,B336657,CORONEL SUL RIOGRANDENSE,B416506,LEOPOLDINA DE LOS ALAMOS,MAURICIO ZANOTELLI,
Um Ano de Freio,2025,2,103,B653956,2366,GAP QUE SUERTE,FÊMEA,02/11/2022,9,B525968,HONRADO DA PARNASSA-TE,B452448,HENOÍNA DA GAP SÃO PEDRO,PARCERIA GAP GENÉTICA,
Um Ano de Freio,2025,2,104,B643026,379,GUANABARA ARROGANTE,MACHO,20/10/2022,8,B467678,GOLILLA PATRON,B568493,GUANABARA TEMPRANA,LUIZ CARLOS DA SILVA CARVALHO JUNIOR,
Um Ano de Freio,2025,2,105,B653950,2352,GAP QUÍMICA,FÊMEA,19/10/2022,7,B396137,"FANTÁSTICO DE
SÃO PEDRO",B479031,ITAPEMA DA GAP SÃO PEDRO,PARCERIA GAP GENÉTICA,
Um Ano de Freio,2025,2,106,B642048,304,JZ ATREVIDA DA SANTA MATHILDE,FÊMEA,11/10/2022,7,B542305,SOY IGUALITO DA RECONQUISTA-TE,B295091,JZ LUCRÉCIA DA SANTA MATHILDE,ZILDA BRAGA DE AZAMBUJA,
Um Ano de Freio,2025,2,107,B635705,34,LJG HORNADA,FÊMEA,10/10/2022,6,B420173,XILENO ICO,B314360,LENDA DO ALVOROÇO,JARBAS RICARDO MUNHOZ GARCIA,
Um Ano de Freio,2025,2,108,B648582,1423,IBIRAPUITÃ DO INFINITO,MACHO,06/10/2022,7,B567483,ESCÂNDALO DO INFINITO-TE,B251188,QÜINTALLA DO INFINITO,ROBERTO SIDNEY DAVIS JÚNIOR,
Um Ano de Freio,2025,2,109,B644822,168,SARGENTO DO NONOAI,MACHO,05/10/2022,7,B235817,BALAQUEIRO DO NONOAI,B459737,KAPITU DO NONOAI,FÁBIO VACCARO,
Um Ano de Freio,2025,2,110,B647465,159,CAMBUIM MATTOS,MACHO,01/10/2022,7,B448447,"MARCONI CONCHA
Y TORO",B392630,BRUXARIA DO CAMBOIM,DIEGO NASCIMENTO DE MATTOS,
Um Ano de Freio,2025,2,111,B648619,1389,FAMÍLIA DA BOA VISTA,FÊMEA,28/09/2022,7,B536008,LAS MISIONES YUCUMÃ,B316100,IDÉIA DA BELA ALIANÇA,FAZENDA BOA VISTA,
Um Ano de Freio,2025,2,112,B648629,92,REGENTE DA CANOA MIRIM,MACHO,16/09/2022,6,B244721,LA PASSION BRILHANTE,B174988,CAPANEGRA HEBRAICA,JOÃO CARLOS PATELLA NETO,
Um Ano de Freio,2025,2,113,B672623,142,LA PÁTRIA INSPIRAÇÃO-TE,FÊMEA,13/09/2022,8,B409696,BASCO VENENO,B537243,LA PÁTRIA TRANCA,RODRIGO CASTELLARIN FIALHO,
Um Ano de Freio,2025,2,114,B635703,31,LJG HARMÔNICO,MACHO,09/09/2022,7,B294584,HARMONIA TEMPRANO,B284295,REÑACA CALA BASSA,JARBAS RICARDO MUNHOZ GARCIA,
Um Ano de Freio,2025,2,115,B648194,104,MACANUDO DO INHANDEJÚ,MACHO,06/09/2022,8,B544116,GAUDERIO DO INHANDEJÚ,B397175,APOSTA DO ITAPORORÓ,MAURO SÉRGIO MARQUES FRANCO,
Um Ano de Freio,2025,2,116,B639850,1117,ZAPICAN CHARRUA,MACHO,02/09/2022,9,B311023,LAS CALLANAS MIL RAZONES-TE,B388059,NINA CRIOULO,JOÃO ROUGET PÉREZ WREGE,
Um Ano de Freio,2025,2,117,B657737,116,DEL OESTE DO TOPO DA SERRA,MACHO,01/09/2022,7,B481753,AS MALKE ESTRIBO,B442874,MT NOBESSA DA MARIA THEREZA,GUILHERME SAMPAIO PISSETTI E JULIO CESAR PISSETTI,
Um Ano de Freio,2025,2,118,B673201,01,CCI CARTUCHO,MACHO,28/08/2022,7,B460468,MUCHACHO DA MAIOR,B267834,EF LÁGRIMA,VANDERLEI HONÓRIO GONÇALVES,
Um Ano de Freio,2025,2,119,B648409,06,CRISTAL DA MEYER,FÊMEA,09/06/2022,7,B443989,AMANTE DA SCHÜTZ,B294325,DIVINA DA SAFF,ALEXANDRE MEYER,
Um Ano de Freio,2025,2,120,B629283,09,COLIBRI DA MADRUGADA SANTA,MACHO,12/03/2022,9,B401915,JOTACE AMULETO,B262576,CHILENITA DO NONOAI,MARCOS SERPA,
Um Ano de Freio,2025,2,121,B671547,01,ALCALINA 01 DO VALETE,FÊMEA,25/02/2022,7,B408717,VALETE DO BOEIRO BRANCO,B424101,LIBERDADE F 561,LUCAS NUNES DA SILVA,
Um Ano de Freio,2025,2,122,B655695,387,ZAGAIA DO PURUÃ,FÊMEA,15/02/2022,6,B354559,ED ORELHANO,B334600,BT CANAFISTULA,STEFANO SCAGLIONI MARINI,
Um Ano de Freio,2025,2,123,B625781,14,SCSENTINELA ÁS DE ESPADA,MACHO,05/02/2022,8,B524267,SC JALISCO,B499239,SC GAITA PONTO,PARCERIA SCSENTINELA,
Um Ano de Freio,2025,2,124,B642059,43,ASW HERÓI,MACHO,25/01/2022,8,B497792,ASW ALUCINADO,B604867,ASW DENGOSA,SILVÉRIO RUFATTO,
Um Ano de Freio,2025,2,125,B671996,121,TERÇO DE TENTOS DA SAN CLEMENTE,MACHO,29/12/2021,7,B292721,AS MALKE TRUCO,B283976,PO ÁGUA NA BOCA,FELIPPE SERENA,
Um Ano de Freio,2025,2,126,B619960,407,VV JOÃO DE BARRO,MACHO,22/12/2021,7,B178908,LAUREADO DO ITAPORORÓ,B185840,DELICADA DA SANTA PAZ,VICTOR INÁCIO VOLKWEIS,
Um Ano de Freio,2025,2,128,B629122,149,PAYSANO OLHOS DE CAMPO,MACHO,07/12/2021,7,B514363,SE ERMÃO,B181240,AMIGAZA DO CANGUÇÚ,RENATO CORREA MORRONE,
Um Ano de Freio,2025,2,129,B630269,1123,REBUENA DO CAPÃO REDONDO,FÊMEA,07/12/2021,7,B426250,TAÑIDO RETOBADO,B401190,INGRATA DO CAPÃO REDONDO,ANTONIO CARLOS ALBUQUERQUE PY,
Um Ano de Freio,2025,2,131,B663273,01,ABUSADO JP PAI E FILHO,MACHO,24/11/2021,7,B457302,IMPULSO DA MAYA,B213954,VESPA 411 MAUFER,JARDEL FINKENAUER PEREIRA,
Um Ano de Freio,2025,2,132,B624932,23,HARAGANO DO CREMA,MACHO,23/11/2021,7,B436472,LADRILEÑO DO CAÇADOR,B479425,ESPERANÇA DA FURNA CRIOULA,JEFFERSON LUIZ CREMA,
Um Ano de Freio,2025,2,133,B625188,804,HELECHO DA LIBERDADE,MACHO,19/11/2021,9,B506336,HELECHO DO PURUNÃ,B317631,LIBERDADE F 388,ARTHUR LUIZ DA SILVEIRA,
Um Ano de Freio,2025,2,134,B644223,05,ADÃO DA MEYER,MACHO,06/11/2021,8,B454472,CHARQUE SILVESTRE,B397511,LAS CALLANAS JAULA OSCURA,ALEXANDRE MEYER,
Um Ano de Freio,2025,2,135,B633860,132,LA PÁTRIA ESTRELITA,FÊMEA,06/11/2021,9,B396137,FANTÁSTICO DE SÃO PEDRO,B284144,LA PÁTRIA FANFARRONA,RODRIGO CASTELLARIN FIALHO,
Um Ano de Freio,2025,2,136,B622185,527,SINAL DA CRUZ TRINCA FERRO,MACHO,04/11/2021,7,B262383,DESTAQUE DA MAIOR,B373804,QUILERO XUVISQUERA,LAURO VARELA MARTINS,
Um Ano de Freio,2025,2,137,B621076,196,CANHAFÉ RECUERDO,MACHO,01/11/2021,7,B252066,URANO DO PURUNÃ,B491211,CANHAFÉ LEMBRANÇA,FLAVIANO JUNIOR SAIBRO,
Um Ano de Freio,2025,2,138,B627491,157,CINCO J OREADA,FÊMEA,01/11/2021,7,B349886,NIAZZI IMPROVISO,B475994,CINCO J HERA,CASSIO FÉLIX JOBIM,
Um Ano de Freio,2025,2,139,B625650,22,IMPERADOR DO SANTO CERRO,MACHO,30/10/2021,8,B137740,GANADERO DA HARMONIA,B225037,RE ARISTOCRATA,PAULO EDUARDO DE LUCA MORAES,
Um Ano de Freio,2025,2,140,B629632,1365,QUENIA DA QUINTA,FÊMEA,25/10/2021,9,B509618,"JALISCO DA GAP
SÃO PEDRO",B239183,VALÊNCIA DA QUINTA,PÉRICLES E DINAH DRUCK,
Um Ano de Freio,2025,2,141,B626712,703,ZEUS PERAU,MACHO,19/10/2021,6,B261401,RZ TRUCO DA CARAPUÇA,B204831,KR CALIFORNIA,KÁTIA HUBER RIBEIRO,
Um Ano de Freio,2025,2,142,B630558,28,MISSIONEIRA DA MERGULHÃO,FÊMEA,07/10/2021,7,B294584,HARMONIA TEMPRANO,B370805,CAMINERA DA MERGULHÃO,"IVO, NILZA GLUFKE E FILHOS",
Um Ano de Freio,2025,2,143,B662079,25,LJG GUAPA-TE,FÊMEA,04/10/2021,5,B589655,COLIBRI MATRERO,B190501,PRINCEZA DO GARRUCHO,JARBAS RICARDO MUNHOZ GARCIA,
Um Ano de Freio,2025,2,144,B666076,1351,QUINOA DA QUINTA,FÊMEA,26/09/2021,9,B509618,JALISCO DA GAP SÃO PEDRO,B275544,BADANA DA QUINTA,PÉRICLES E DINAH DRUCK,
Um Ano de Freio,2025,2,170,B633866,361,GENERAL DO KAVAJU PORÃ,MACHO,15/09/2021,7,B479078,VANERÃO II DE SANTA THEREZA,B368759,SAGA DO KAVAJU PORÃ,JOSÉ FRANCISCO PEREIRA DE MOURA,
Um Ano de Freio,2025,2,146,B638412,252,MEIA VOLTA NOVILLERO,MACHO,11/09/2021,6,B301233,PO BANDIDAZO,B326646,RIO LIGEIRO FARPA,OSWALDO GUTHEIL E HILDA MARIA GOULART,
Um Ano de Freio,2025,2,147,B621337,213,COSTANERA TRUJO,MACHO,10/09/2021,6,B210113,FACEIRO DO RECANTO CRIOULO,B451732,COSTANERA MARIA JOANA,PARCERIA AGRO-PECUÁRIA COSTANERA,
Um Ano de Freio,2025,2,148,B621209,263,SANTO ONOFRE MOÇA BELA,FÊMEA,08/09/2021,7,B421730,SANTO ONOFRE CALAMACO,B410525,SANTO ONOFRE BELA VISTA,NESTOR AUGUSTO/JORGE ROSAS DEMIATE JR.,
Um Ano de Freio,2025,2,150,B632981,102,SANTORO DA CASA BRANCA,MACHO,07/09/2021,7,B284469,LA CASTELLANA EL CHASQUE,B434856,JOVITA DA CASA BRANCA,FERNANDO BORGES LORENZINI,
Um Ano de Freio,2025,2,151,B630675,369,A LO LARGO MEMORIAS,FÊMEA,03/09/2021,9,B509618,JALISCO DA GAP SÃO PEDRO,B434864,A LO LARGO CATALUÑA,PÉRICLES P.DRUCK E PAULO ROBERTO SOUTO,
Um Ano de Freio,2025,2,153,B615993,288,UFANO DA URUGUAIA,MACHO,11/02/2021,8,B503936,MANO A MANO DO RAUNA,B358841,JARARACA DA URUGUAIA,MAURÍCIO DOS SANTOS TORRES,
Um Ano de Freio,2025,2,154,B659108,140,SAUDADE DO CANDEEIRO,FÊMEA,01/01/2021,6,B152642,IGAPÓ DE SANTA ODESSA,B282553,ENCANTADA DO CANDEEIRO,MOACIR ALVES DA SILVA FILHO,
Um Ano de Freio,2025,2,155,B610882,242,MEIA VOLTA MUCHACHA,FÊMEA,29/12/2020,8,B301233,PO BANDIDAZO,B267364,NOCHERA PELUCA,OSWALDO GUTHEIL E HILDA MARIA GOULART,
Um Ano de Freio,2025,2,156,B640485,23,BAILARINA DO TRÊS TROTE,FÊMEA,17/11/2020,7,B367895,"JUSTICEIRO DO MANO
A MANO",B333640,RZ BAILARINA DA CARAPUÇA,DENI JOEL SULZBACH,
Um Ano de Freio,2025,2,157,B609558,323,SANTA AUGUSTA SIN SALIDA-TE,FÊMEA,12/10/2020,9,B319623,FICHERO DO CAPÃO REDONDO,B463775,SANTA AUGUSTA MANCHA RARA,FERNANDO E GUILHERME VASCONCELLOS,
Um Ano de Freio,2025,2,158,B602216,92,RANCHEIRA DA ESTÂNCIA VELHA,FÊMEA,10/10/2020,6,B240020,CINCHADOR RIO NEGRO,B303140,MILONGA DA BAILANTA ANTIGA,EDUARDO GOULART E MATEUS SILVEIRA,
Um Ano de Freio,2025,2,159,B633649,105,TIRANA DE SANTO EXPEDITO,FÊMEA,10/09/2020,6,B373481,CAPITÃO DO PURUNÃ,B442162,HAVANA DE SANTO EXPEDITO,GUILHERME FERREIRA WESTER WIEMANN,
Um Ano de Freio,2025,2,160,B612604,2518,CAPANEGRA DESPOJADA,FÊMEA,14/11/2018,8,B348286,CANTERA ALERCE,B316636,CAPANEGRA QUEJERA,FERNANDO DORNELLES PONS,
Um Ano de Freio,2025,2,161,B602051,44,PICANA DO QUINTAL,FÊMEA,11/08/2018,6,B443825,HIJO BUENO DE SÃO CARLOS,B193349,PASSO BLANCO JARDINEIRA,MARINO E MARIO MESSERSCHMIDT SCHERER,
Morfologia Expointer,2025,1,2541,B646437,60,JURAMENTO DA BARRA FUNDA,MACHO,02/02/2023,8,B455617,URCO DE SANTA THEREZA,B266744,ESTAMPA DA SAGARANA,ROBERTO ARAÚJO DIEDRICH,
Morfologia Expointer,2025,1,2542,B646149,23,GUARDIÃO DA FLC,MACHO,25/01/2023,8,B530664,CHAMAMÉ NOCHERO,B342189,EF ORACA,FABIO CZAPLA,
Morfologia Expointer,2025,1,2543,B651953,1619,RE UM A ZERO-TE,MACHO,17/01/2023,9,B616747,"DEL
OESTE ZORRINO",B585059,RE REFINADA,EVALDO FRANCISCO DA ROSA,
Morfologia Expointer,2025,1,2544,B647834,09,CARRASCO DA MARCA DO PAI-TE,MACHO,10/01/2023,8,B552163,MONARCA DA BELA ESPERANÇA,B409885,DIVINDAD 42 NOMBRADO,MUDAA CONSTRUTORA E INCORPORADORA LTDA,
Morfologia Expointer,2025,1,2545,B651327,621,JOTACE LUTADOR-TE,MACHO,01/01/2023,7,B438313,KT AMANHECER,B293807,JOTACE UTOPIA,JOÃO JURACI CANTARELLI,
Morfologia Expointer,2025,1,2546,B650916,159,RINCÓN LA COMPOSTELLA,MACHO,31/12/2022,8,B530664,CHAMAMÉ NOCHERO,B328182,KT TRÓIA,MARIA LUIZA TELLECHEA CERQUEIRA E FILHOS,
Morfologia Expointer,2025,1,2547,B645697,39,LAS GURIZAS FOGONERO,MACHO,20/12/2022,7,B231887,ÍNDIO DO BOEIRO,B518452,PITANGA DO CAPÃO DA RONDA,JÚLIO COSTA E FILHAS,
Morfologia Expointer,2025,1,2550,B651948,1615,RE UM GOLE-TE,MACHO,19/12/2022,7,B616747,DEL OESTE ZORRINO,B580687,RE PEPITA DE OURO,EVALDO FRANCISCO DA ROSA,
Morfologia Expointer,2025,1,2551,B656277,32,NARCISISTA DA MERGULHÃO,MACHO,15/12/2022,7,B372116,SEDUTOR TUPAMBAÉ,B378199,TARAGÜI ORAÇÃO,"IVO, NILZA GLUFKE E FILHOS",
Morfologia Expointer,2025,1,2552,B656076,143,MONTE PAMPERO JOGO DE SORTE,MACHO,05/12/2022,7,B396137,FANTÁSTICO DE SÃO PEDRO,B242263,MOROCHA DA BOA VISTA,TIAGO SANGIOGO,
Morfologia Expointer,2025,1,2553,B643815,160,RDH NOCHERO,MACHO,03/12/2022,6,B505908,TRES AR ATENEO,B476252,RDH FLOR DE LIS,RAFAEL DEPETRIS HADDAD,
Morfologia Expointer,2025,1,2554,B656437,582,LA CASTELLANA TRANQUILO,MACHO,03/12/2022,7,B208394,"CUTUCO
DE SANTA EDWIGES",B349671,LA CASTELLANA HONRA DA CASA,MARCELO AMARAL MORAES,
Morfologia Expointer,2025,1,2555,B641286,156,HERMOSO DE LOS BUENOS,MACHO,29/11/2022,8,B509629,JAGUAR DA GAP SÃO PEDRO,B528427,LAVINIA DOS TRÊS CORAÇÕES,LUIS CARLOS KOCZKODAY,
Morfologia Expointer,2025,1,2556,B652075,1906,BASCO JUEVES,MACHO,27/11/2022,6,B617811,DEL OESTE FIERRO,B409673,BASCA VINAGRETE,MARIANA FRANCO TELLECHEA E FILHOS,
Morfologia Expointer,2025,1,2557,B645604,230,INQUISITOR DE SANTA LARISSA,MACHO,24/11/2022,6,B403335,INQUISITOR 1490 MAUFER,B462538,TRÊS CERROS FUMARADA,LUIZ KENDY MAEDA,
Morfologia Expointer,2025,1,2558,B652089,1905,BASCO JOHNNIE WALKER,MACHO,24/11/2022,6,B617811,DEL OESTE FIERRO,B478798,BASCA CASTANHEIRA,MARIANA FRANCO TELLECHEA E FILHOS,
Morfologia Expointer,2025,1,2559,B642755,73,NOCHERO DO AÇUNGUI,MACHO,20/11/2022,8,B269661,AS MALKE SEDUTOR-TE,B491702,MANCHA RARA 1920 MAUFER,GUILHERME WENDLER,
Morfologia Expointer,2025,1,2560,B644151,09,DON GONÇALO EL ENEMIGO,MACHO,20/11/2022,8,B556496,DON GONÇALO MELCHOR,B459215,LINDA DAMA 1790 MAUFER,RAMON CORBELLINI,
Morfologia Expointer,2025,1,2561,B650416,145,TRC POSTEIRO,MACHO,19/11/2022,8,B231887,ÍNDIO DO BOEIRO,B509821,TRC KIKA,THIAGO RISTOW CARDINAL,
Morfologia Expointer,2025,1,2562,B652446,321,VIRAGRO PACIFICO VENCEDOR,MACHO,17/11/2022,6,B589655,COLIBRI MATRERO,B413041,BELA UNIÃO ALMA GUAPA,VIRAGRO AGROPECUÁRIA LTDA,
Morfologia Expointer,2025,1,2563,B649214,862,CIMARRON DO LISCANO,MACHO,16/11/2022,7,B396137,FANTÁSTICO DE SÃO PEDRO,B455460,AS MALKE DUQUEZA,PIETRO E GIULIANO PEREIRA ZANETTI,
Morfologia Expointer,2025,1,2564,B652077,1898,BASCO JERONIMO,MACHO,16/11/2022,9,B243062,BASCO ONÁSSIS,B540922,BASCA ESPUELA,MARIANA FRANCO TELLECHEA E FILHOS,
Morfologia Expointer,2025,1,2566,B638690,739,MARCONI BRAVO,MACHO,10/11/2022,7,B396137,FANTÁSTICO DE SÃO PEDRO,B347126,MARCONI IMAGEM,ALEXANDRE ESPINDOLA ARAÚJO,
Morfologia Expointer,2025,1,2567,B653564,1886,BASCO JESUÍTA,MACHO,08/11/2022,6,B243062,BASCO ONÁSSIS,B460125,BASCA BONANZA,MARIANA FRANCO TELLECHEA E FILHOS,
Morfologia Expointer,2025,1,2568,B643550,69,TARAGÜI BIEN HABLADO,MACHO,07/11/2022,7,B438313,KT AMANHECER,B457543,TARAGÜI RINCONADA,ÉRICO E SÉRGIO RUSSO,
Morfologia Expointer,2025,1,2569,B647311,364,CHASQUE GUARDADO,MACHO,03/11/2022,9,B509618,JALISCO DA GAP SÃO PEDRO,B479218,CHASQUE BOCA VERMELHA,MANUEL LUÍS BENEVENGA SARMENTO,
Morfologia Expointer,2025,1,2570,B647317,363,CHASQUE BOMBERO II,MACHO,03/11/2022,8,B409696,BASCO VENENO,B541361,CHASQUE JURA SECRETA,MANUEL LUÍS BENEVENGA SARMENTO,
Morfologia Expointer,2025,1,2571,B642844,1364,CAMPANA KAIO,MACHO,02/11/2022,8,B481227,TAÑIDO CANTA GALLO,B551787,CAMPANA GAZELA,MÁRIO MOGLIA SUÑE,
Morfologia Expointer,2025,1,2572,B645606,226,INTOCÁVEL DE SANTA LARISSA,MACHO,01/11/2022,8,B509629,JAGUAR DA GAP SÃO PEDRO,B420315,CAPANEGRA UNA NOVIA,LUIZ KENDY MAEDA,
Morfologia Expointer,2025,1,2573,B651073,634,BERRO GROSSO MAPOCHO,MACHO,31/10/2022,8,B530664,CHAMAMÉ NOCHERO,B574678,UMA PROMESSA MAPOCHO,SÉRGIO SANTOS SANT´ANNA E FILHAS,
Morfologia Expointer,2025,1,2574,B649476,147,RRT CAMPOS NEUTRAIS IV,MACHO,30/10/2022,8,B556496,DON GONÇALO MELCHOR,B251620,HORTELÃ DO LISCANO,RICARDO ROTTA TERRA,
Morfologia Expointer,2025,1,2575,B643911,60,QUERO QUERO DA PÁTRIA XUCRA,MACHO,28/10/2022,8,B540444,BUENO DE QUARACI,B512860,BASCA DEDICADA,BRUCE QUATRIN BUZZETO,
Morfologia Expointer,2025,1,2576,B657103,662,TUPAMBAÉ DA TAMANCA,MACHO,17/10/2022,8,B519131,NOCHERO DAvTAMANCA,B565794,PAPA FINA DA TAMANCA,LAURO CARDOSO TERRA E FILHOS,
Morfologia Expointer,2025,1,2577,B642834,1346,CAMPANA KALIFA,MACHO,16/10/2022,7,B238882,TRIUNFO DO PURUNÃ,B447662,CAMPANA CORRALERA,MÁRIO MOGLIA SUÑE,
Morfologia Expointer,2025,1,2578,B647468,163,CANTO FORTE MATTOS,MACHO,16/10/2022,8,B530664,CHAMAMÉ NOCHERO,B532428,JV RIGOROSA,DIEGO NASCIMENTO DE MATTOS,
Morfologia Expointer,2025,1,2579,B652933,10,TER FACUNDO,MACHO,15/10/2022,8,B503936,MANO A MANO DO RAUNA,B527791,ABRE CANCHA DA VH,MARCOS RAUL FERREIRA FAGUNDES E FERNANDA HELENA HORN,
Morfologia Expointer,2025,1,2580,B650711,105,ORFEU 105 NOMBRADO,MACHO,12/10/2022,8,B574283,LEVIATÃ 81 NOMBRADO,B352703,MESCLA SOMBRA,GABRIELA ZANCANARO,
Morfologia Expointer,2025,1,2581,B640740,1340,CAMPANA KOPERO,MACHO,10/10/2022,6,B589655,COLIBRI MATRERO,B184786,CAMPANA NICOTINA,MÁRIO MOGLIA SUÑE,
Morfologia Expointer,2025,1,2583,B646278,1391,FARROUPILHA DA BOA VISTA,MACHO,30/09/2022,8,B514288,XEQUE MATE DA BOA VISTA,B241273,CASTAÑA DA MAIOR,FAZENDA BOA VISTA,
Morfologia Expointer,2025,1,2584,B654244,1031,URANO DO MACANUDO,MACHO,30/09/2022,8,B566291,QUARENTA E QUATRO DO MACANUDO-TE,B504967,NATA DO MACANUDO,MAURO E TELMO FERREIRA,
Morfologia Expointer,2025,1,2585,B649689,104,LEGADO DA PÁTRIA CRIOULA,MACHO,28/09/2022,8,B514288,XEQUE MATE DA BOA VISTA,B251576,CAPANEGRA NASTÁCIA,TAIANA PALUDO,
Morfologia Expointer,2025,1,2586,B641761,1130,MARTIN FIERRO DO ITAÓ,MACHO,20/09/2022,6,B617811,DEL OESTE FIERRO,B503544,ESCARAPELA DO ITAÓ,CÁSSIO SOUZA BONOTTO,
Morfologia Expointer,2025,1,2587,B648262,1127,SEDUTOR DO CAPÃO REDONDO,MACHO,14/09/2022,8,B319623,FICHERO DO CAPÃO REDONDO,B567360,OLIVA DO CAPÃO REDONDO,ANTONIO CARLOS ALBUQUERQUE PY,
Morfologia Expointer,2025,1,2588,B651920,264,IMPÉRIO DA MEIA LUA,MACHO,12/09/2022,7,B540444,BUENO DE QUARACI,B356251,INDIANA DA MEIA LUA,FRANCISCO GERALDO PEREIRA DE SOUZA,
Morfologia Expointer,2025,1,2590,B650716,114,ULTIMATO DON PABLO,MACHO,08/09/2022,7,B396137,FANTÁSTICO DE SÃO PEDRO,B543470,PORTEÑA DON PABLO,PABLO BREA WINCKLER,
Morfologia Expointer,2025,1,2591,B641128,59,JURADO DA CVC,MACHO,07/09/2022,9,B226846,BUENAÇO DA MAIOR,B532845,ESMERALDA DA CVC,LEONARDO MARTINS GARCIA,
Morfologia Expointer,2025,1,2592,B639311,705,LAGEADO DA OCA,MACHO,06/09/2022,8,B474125,DEL TOURO DA OCA,B523906,ETERNA DA OCA,OTO BREIER,
Morfologia Expointer,2025,1,2595,B653893,460,PP ELEGIDO DA RENASCER-TE,MACHO,30/08/2022,9,B269661,AS MALKE SEDUTOR-TE,B556022,PP ZARA DA RENASCER-TE,PAULO ROBERTO PAVIN,
Morfologia Expointer,2025,1,2596,B644304,2306,RZ DESTINO II DA CARAPUÇA,MACHO,22/08/2022,7,B201279,AQUI ESTOY DA SANTA JUVITA,B431256,RZ DOÑA LINDA DA CARAPUÇA,RUBENS ELIAS ZOGBI,
Morfologia Expointer,2025,1,2597,B643202,155,KIKITO DAS FLORES,MACHO,18/08/2022,7,B519131,NOCHERO DA TAMANCA,B377636,RZ DALIA ROSA DA CARAPUÇA,CLEBER WEYH,
Morfologia Expointer,2025,1,2598,B634024,261,HERCULANO DA MEIA LUA-TE,MACHO,01/05/2022,7,B396137,FANTÁSTICO DE SÃO PEDRO,B469050,ARMA BRANCA DA MEIA LUA,FRANCISCO GERALDO PEREIRA DE SOUZA,
Morfologia Expointer,2025,1,2599,B631827,451,RODOPIO DO RIBEIRÃO BONITO-TE,MACHO,19/03/2022,5,B146172,BT LUCERO,B158582,BAIONETA DO TAMBORÉ,ARISON JUNG,
Morfologia Expointer,2025,1,2600,B631154,148,SANTIAGO LA COMPOSTELLA,MACHO,06/02/2022,7,B271539,GALO DE SANTA EDWIGES,B520237,LENDA LA COMPOSTELLA,MARIA LUIZA TELLECHEA CERQUEIRA E FILHOS,
Morfologia Expointer,2025,1,2601,B638809,04,KA BRIGADOR,MACHO,27/01/2022,10,B296959,AS MALKE TORMENTO-TE,B508001,ZAMBA 276 DA RECALADA,RAPHAEL PASSOS SEVERINO,
Morfologia Expointer,2025,1,2603,B625032,17,FULANO DE TAL DA FLC,MACHO,28/12/2021,7,B455637,EF TAMOEIRO,B437253,JÓIA NEGRA DA VENDRAMIN-TE,FABIO CZAPLA,
Morfologia Expointer,2025,1,2604,B632076,1775,BASCO INOCÊNCIO,MACHO,25/12/2021,6,B296959,AS MALKE TORMENTO-TE,B512807,BASCA DESTEMIDA,MARIANA FRANCO TELLECHEA E FILHOS,
Morfologia Expointer,2025,1,2605,B649059,45,CAPATAZ DA BOA VINDA,MACHO,12/12/2021,8,B349886,NIAZZI IMPROVISO,B423376,JARARACA DO MACANUDO,JOÃO PAULO GEHLEN E CAMILA MARIA MORETTO,
Morfologia Expointer,2025,1,2607,B628269,162,OPORTUNO DA ASKATASUNA,MACHO,10/12/2021,8,B530664,CHAMAMÉ NOCHERO,B383185,BT ESCONDIDA,MARIA IZABEL FRANCO TELLECHEA,
Morfologia Expointer,2025,1,2609,B636293,36,QUEBRANTO DO MOCÓ,MACHO,05/12/2021,6,B226846,BUENAÇO DA MAIOR,B232568,CARMELA DO MOCÓ,ERIC MACHADO DA SILVA,
Morfologia Expointer,2025,1,2610,B623202,1550,GUAZUBIRÁ 1550 DA ESCONDIDA,MACHO,03/12/2021,8,B503936,MANO A MANO DO RAUNA,B381472,TRÊS MARIAS DA ESCONDIDA,JOSÉ INÁCIO E VINÍCIUS FREITAS,
Morfologia Expointer,2025,1,2611,B624142,65,TARAGÜI APACHE,MACHO,03/12/2021,7,B372116,SEDUTOR TUPAMBAÉ,B457545,TARAGÜI RANCAGUA,ÉRICO E SÉRGIO RUSSO,
Morfologia Expointer,2025,1,2612,B639244,2275,GAP PATRIARCA,MACHO,03/12/2021,7,B296959,AS MALKE TORMENTO-TE,B320706,CHINOCA DE SÃO PEDRO,PARCERIA GAP GENÉTICA,
Morfologia Expointer,2025,1,2613,B629029,27,IGUAÇU DEL TIERBA,MACHO,30/11/2021,6,B371076,JÁ LIBERTADOR,B291783,DEBOCHADA DO MACANUDO,CARLOS RICARDO SZCZERBOWSKI,
Morfologia Expointer,2025,1,2614,B633897,06,QUILAY CABALLERO,MACHO,22/11/2021,8,B530664,CHAMAMÉ NOCHERO,B460030,BASCA BUENA NOCHE,KAREN GOMES PFINGSTAG,
Morfologia Expointer,2025,1,2615,B628291,281,CATALUÑA MAGO,MACHO,20/11/2021,9,B243062,BASCO ONÁSSIS,B490016,CATALUÑA FASCINAÇÃO,PEDRO GONZALEZ NETO,
Morfologia Expointer,2025,1,2616,B637651,1744,BASCO INIMIGO II-TE,MACHO,16/11/2021,8,B467678,GOLILLA PATRON,B540923,BASCA ESMERALDA II,MARIANA FRANCO TELLECHEA E FILHOS,
Morfologia Expointer,2025,1,2618,B654544,2265,GAP PANDILLERO,MACHO,14/11/2021,8,B296959,AS MALKE TORMENTO-TE,B543643,PO MALDEAMORES,PARCERIA GAP GENÉTICA,
Morfologia Expointer,2025,1,2619,B629244,387,SARGENTO DA TAIMÃ,MACHO,02/11/2021,8,B503936,MANO A MANO DO RAUNA,B510903,NEVADA DA TAIMÃ-TE,TAIANE LETICIA ZOCCHETTO,
Morfologia Expointer,2025,1,2620,B630631,38,STC FACÃO,MACHO,30/10/2021,7,B373365,GUANABARA NUNCA MÁS,B456082,JÓIA RARA DO BOÊMIO,FELIPE DITTERT TAQUES DE MACEDO CRUZ,
Morfologia Expointer,2025,1,2621,B629551,288,VIRAGRO RIO NEGRO,MACHO,27/10/2021,7,B548696,JACINTO CALA BASSA-TE,B229287,ALMA GUAPA DO CAMBUCHIN,VIRAGRO AGROPECUÁRIA LTDA,
Morfologia Expointer,2025,1,2622,B625322,154,BRAÇO FORTE MATTOS,MACHO,25/10/2021,8,B252840,FERIADO DE SANTA EDWIGES,B532428,JV RIGOROSA,DIEGO NASCIMENTO DE MATTOS,
Morfologia Expointer,2025,1,2624,B621710,190,HONRADO DE SANTA LARISSA,MACHO,21/10/2021,6,B409696,BASCO VENENO,B349539,BAINHA DO PURUNÃ,LUIZ KENDY MAEDA,
Morfologia Expointer,2025,1,2625,B635757,34,LA ORIENTALA SANPEDRO,MACHO,21/10/2021,7,B396137,FANTÁSTICO DE SÃO PEDRO,B231841,PO UNAÍ,MARCELO INDARTE DA SILVA,
Morfologia Expointer,2025,1,2626,B623765,188,HISTORIADOR DE SANTA LARISSA,MACHO,19/10/2021,8,B545029,ALCATRAZ DA BOA VISTA,B536576,"PELEIA DA CABANHA SANTA
FÉ",LUIZ KENDY MAEDA,
Morfologia Expointer,2025,1,2627,B639225,2242,GAP PIRAJU,MACHO,18/10/2021,8,B569822,GAP MONARCA,B426291,GARRA DE SÃO PEDRO,PARCERIA GAP GENÉTICA,
Morfologia Expointer,2025,1,2628,B624041,06,VELO CORRENTINO,MACHO,16/10/2021,8,B569822,GAP MONARCA,B455434,AS MALKE DEFESA,FERNANDO REBES VELO FILHO,
Morfologia Expointer,2025,1,2629,B621510,142,JURADO DAS FLORES,MACHO,15/10/2021,7,B519131,NOCHERO DA TAMANCA,B340529,JADE DA MARCAMAR,CLEBER WEYH,
Morfologia Expointer,2025,1,2630,B626311,2182,FM UM BUENO DO CINCO SALSOS,MACHO,13/10/2021,7,B495332,UM BUENO DO PASSO DA LAGE,B271962,FM RASCA DO CINCO SALSOS,FELIPE MÁRIO MARTINS,
Morfologia Expointer,2025,1,2631,B628645,366,GUANABARA ZARAGOZA-TE,MACHO,12/10/2021,8,B508256,MAIS UM NUMERÁRIO,B399882,GUANABARA OTRA MÁS,LUIZ CARLOS DA SILVA CARVALHO JUNIOR,
Morfologia Expointer,2025,1,2632,B634788,13,ARUNCO DA AUX,MACHO,04/10/2021,9,B514288,XEQUE MATE DA BOA VISTA,B492365,SANTA JÚLIA HIJA BUENA,NILTON AIRES DO COUTO JUNIOR,
Morfologia Expointer,2025,1,2633,B646886,1801,BERRO GROSSO DA RECONQUISTA,MACHO,30/09/2021,6,B146172,BT LUCERO,B417345,NOSTÁLGICA 695 DA RECONQUISTA,MARCELO TELLECHEA CAIROLI,
Morfologia Expointer,2025,1,2634,B619649,1250,CAMPANA JALISCO,MACHO,27/09/2021,8,B536573,PULPERO DA CABANHA SANTA FÉ,B503437,CAMPANA ESTRELA DALVA,MÁRIO MOGLIA SUÑE,
Morfologia Expointer,2025,1,2635,B631843,315,FANDANGO DE QUARACI,MACHO,23/09/2021,6,B231887,ÍNDIO DO BOEIRO,B291042,DELICADA 932 MAUFER,ROSALIE TAVARES NEGRINI JONES,
Morfologia Expointer,2025,1,2636,B627354,64,PATRIMONIO DA RIGOROSA,MACHO,20/09/2021,6,B422696,GANADEIRO DA RIGOROSA,B506557,JAPECANGA DA RIGOROSA,ERNI JOSÉ BACKES,
Morfologia Expointer,2025,1,2637,B632301,412,NIAZZI UNIVERSO,MACHO,20/09/2021,7,B349886,NIAZZI IMPROVISO,B414804,NIAZZI LUA CHEIA,TIAGO ANTONIAZZI,
Morfologia Expointer,2025,1,2638,B632673,310,FAMOSO DE QUARACI,MACHO,17/09/2021,7,B540444,BUENO DE QUARACI,B516190,ANGERONA DE QUARACI,ROSALIE TAVARES NEGRINI JONES,
Morfologia Expointer,2025,1,2639,B632119,1641,BASCO IDOLO,MACHO,15/09/2021,8,B454472,CHARQUE SILVESTRE,B447074,BASCA AFAMADA,MARIANA FRANCO TELLECHEA E FILHOS,
Morfologia Expointer,2025,1,2642,B612558,700,KT HORACIO-TE,MACHO,12/01/2021,7,B269661,AS MALKE SEDUTOR-TE,B328192,KT TRINCA,"ALFREDO,GUILHERME E DIEGO TELLECHEA",
Morfologia Expointer,2025,1,2646,B599771,126,IMPONENTE DA MORADA DO VALE,MACHO,14/11/2020,7,B519131,NOCHERO DA TAMANCA,B330779,RZ BOCHINCHERA DA CARAPUÇA,CLEBER WEYH,
Morfologia Expointer,2025,1,2647,B613354,62,PEÑAROL DO ENLEVO,MACHO,11/11/2020,8,B514288,XEQUE MATE DA BOA VISTA,B422365,HERANÇA DO ENLEVO,MÁRCIO ROBERTO MÜLLER,
Morfologia Expointer,2025,1,2648,B631926,92,FULANO DE TAL DE LOS BUENOS,MACHO,11/11/2020,8,B209322,MARAGATO DOS ALPES,B341066,LUNETA DA RECONQUISTA,LUIS CARLOS KOCZKODAY,
Morfologia Expointer,2025,1,2650,B658647,1026,SJ MANO A MANO,MACHO,30/10/2020,6,B373481,CAPITÃO DO PURUNÃ,B365826,CAMPANA ZICA,LUGAJO AGRICULTURA E PECUÁRIA LTDA.,
Morfologia Expointer,2025,1,2651,B613504,50,ORGULHO DA PÁTRIA XUCRA,MACHO,29/10/2020,7,B296959,AS MALKE TORMENTO-TE,B530542,ABENÇOADA DA DIVISA GAÚCHA,BRUCE QUATRIN BUZZETO,
Morfologia Expointer,2025,1,2653,B600594,1287,JA UM TUMULTO,MACHO,25/10/2020,8,B480453,MAIS UM MAGISTRADO,B292959,JA HAVAIANA,JOSÉ ANTONIO ANZANELLO,
Morfologia Expointer,2025,1,2654,B606560,158,SEMBRADOR DO MORRO CHATO,MACHO,17/10/2020,7,B495332,UM BUENO DO PASSO DA LAGE,B373469,CANHADA DO PURUNÃ,MARLUS ARRUDA SILVA,
Morfologia Expointer,2025,1,2655,B615682,68,DON MIRO 68 ESCALPO,MACHO,14/10/2020,6,B403335,INQUISITOR 1490 MAUFER,B512623,DON MIRO 06 AMORA,MAURÍCIO LAMPERT WEIAND,
Morfologia Expointer,2025,1,2656,B611605,495,QUERENDON DA TAMAREIRA,MACHO,11/10/2020,6,B371076,JA LIBERTADOR,B391847,HANA DA TAMAREIRA,CARLA F. MUSA / ONÉCIO SILVEIRA PRADO JR,
Morfologia Expointer,2025,1,2657,B608781,44,NJE INCRÍVEL-TE,MACHO,03/10/2020,7,B396137,FANTÁSTICO DE SÃO PEDRO,B532121,NJE PRECIOSA -TE,NAUDÁRIO CERATTI VEGA,
Morfologia Expointer,2025,1,2658,B598863,274,RAMON 274 ENGANO,MACHO,29/09/2020,7,B351128,AS MALKE VULTO,B308035,ÚLTIMA RIMA DO BARULHO,GER ADMINISTRAÇÃO E PARTICIPAÇÕES S/A,
Morfologia Expointer,2025,1,2660,B610557,06,CINCERRO DEL CASILLERO-TE,MACHO,27/09/2020,6,B399620,SANTA ALICE NUBLADO II,B411469,BUTIÁ ESTAMPA II,JULIANO BIAZUS,
Morfologia Expointer,2025,1,2661,B597572,5191,FINANCEIRO TUPAMBAÉ,MACHO,21/09/2020,7,B372116,SEDUTOR TUPAMBAÉ,B378864,SÓLIDA TUPAMBAÉ,OSWALDO DORNELLES PONS,
Morfologia Expointer,2025,1,2662,B600881,175,CRC ONÁSSIS,MACHO,07/09/2020,7,B146172,BT LUCERO,B367784,CRC ENCANTADA,"RODRIGO, ADEMAR E MARIO CASTELLI",
Morfologia Expointer,2025,1,2663,B604432,23,MCW GUAPO,MACHO,31/08/2020,7,B422617,QUERENDON DO RECANTO CRIOULO,B293023,HONRARIA DE SANTA EDWIGES,MARCOS CARDOSO WEILER,
Morfologia Expointer,2025,1,2665,B606188,1513,BASCO HERDEIRO,MACHO,16/07/2020,7,B243062,BASCO ONÁSSIS,B447015,BASCA ACORDEONA,MARIANA FRANCO TELLECHEA E FILHOS,
Morfologia Expointer,2025,1,2666,B574283,81,LEVIATÃ 81 NOMBRADO,MACHO,17/11/2019,7,B186023,ALTO ASTRAL DE SANTA EDWIGES,B390099,BRISA MANSA 17 NOMBRADO,GABRIELA ZANCANARO,
Morfologia Expointer,2025,1,2668,B589819,2077,GAP ÑANDU,MACHO,10/11/2019,7,B396137,FANTÁSTICO DE SÃO PEDRO,B415068,"ESTAMPA DE
SÃO PEDRO-TE",EDUARDO MACEDO LINHARES,
Morfologia Expointer,2025,1,2670,B590532,2096,QUATRO TENTOS 2096 MAUFER-TE,MACHO,23/10/2019,6,B444811,IMPERADOR 1562 MAUFER-TE,B459238,LUZ DEL FUEGO 1808 MAUFER,FERNANDO LAMPERT WEIAND,
Morfologia Expointer,2025,1,2671,B576586,261,RAMON 261 DOZE BRAÇAS,MACHO,02/10/2019,7,B351128,AS MALKE VULTO,B308035,ÚLTIMA RIMA DO BARULHO,GER ADMINISTRAÇÃO E PARTICIPAÇÕES S/A,
Morfologia Expointer,2025,1,2672,B592944,733,ZAMORANO DO LISCANO-TE,MACHO,30/09/2019,6,B409696,BASCO VENENO,B231888,INÉDITA DO BOEIRO,PIETRO E GIULIANO PEREIRA ZANETTI,
Morfologia Expointer,2025,1,2673,B575284,858,ESQUINAZO ICO,MACHO,18/09/2019,9,B505908,TRES AR ATENEO,B310290,LA CABINERA DO CARRACHI,FREDERICO WOLF,
Morfologia Expointer,2025,1,2674,B585412,1219,JA TRUCO,MACHO,12/09/2019,8,B480453,MAIS UM MAGISTRADO,B371119,JA LUA DE MEL,JOSÉ ANTONIO ANZANELLO,
Morfologia Expointer,2025,1,2675,B579627,1403,BASCO GALILEU -TE,MACHO,29/08/2019,6,B296959,AS MALKE TORMENTO-TE,B450269,BASCA ÁGUA BENTA-TE,MARIANA FRANCO TELLECHEA E FILHOS,
Morfologia Expointer,2025,1,2676,B594889,577,REQUEIMADO DA CABANHA SANTA FÉ,MACHO,29/08/2019,6,B469736,SÃO XAVIER HURACÁN,B467338,MACUNAY DA CABANHA SANTA FÉ,GILBERTO RODRIGUES DE FREITAS,
Morfologia Expointer,2025,1,2677,B600228,340,VV GALO DE BRIGA-TE,MACHO,20/02/2019,7,B446430,CHARQUE INOCÊNCIO,B384891,VV ZOADA,VICTOR INÁCIO VOLKWEIS,
Morfologia Expointer,2025,1,2678,B554309,696,MASCALZONE DO GARRUCHO,MACHO,01/01/2019,7,B317733,ARREBOL DO PURUNÃ,B391502,ESTRELA DO GARRUCHO,HERNANI TAUNAY ANGELI,
Morfologia Expointer,2025,1,2679,B573299,1014,PONTEIRO DA VENDRAMIN,MACHO,21/10/2018,7,B269661,AS MALKE SEDUTOR-TE,B232427,PATRICIA DO ITAPORORÓ,ALDO VENDRAMIN,
Morfologia Expointer,2025,1,2680,B558739,394,LINDO DE FATO D'LOS BRITTES,MACHO,16/10/2018,8,B504713,GRAN HIJO II D'LOS BRITTES-TE,B242361,BT ULIANA,PAULO RICARDO CAMBOIM BRITTES,
Morfologia Expointer,2025,1,2681,B561409,127,QUE GUAPO DO RIO DAS PEDRAS,MACHO,28/08/2018,5,B146172,BT LUCERO,B224887,SAFIRA DO PURUNÃ,MARCELO O.CUNHA E ESMAEL G.CADORE,
Morfologia Expointer,2025,1,2682,B536966,580,MUCHO MAS DO SALIMAR,MACHO,24/11/2017,6,B371095,LEGIONÁRIO DE SANTA EDWIGES,B306248,CALA BOCA DO SALIMAR,MÁRIO SALIS FILHO,
Morfologia Expointer,2025,1,2683,B532384,956,SANTO PAGO CHARRUA,MACHO,13/11/2017,7,B269661,AS MALKE SEDUTOR-TE,B253051,FISGA CHARRUA,JOÃO ROUGET PÉREZ WREGE,
Morfologia Expointer,2025,1,2684,B654246,18,EL PICAZO CAHUEL,MACHO,19/10/2017,0,B662652,GOMENSORO DE SANTA MARCIA-TE,,,JULIO CESAR TREVISAN,
Morfologia Expointer,2025,1,2685,B536008,505,LAS MISIONES YUCUMÃ,MACHO,20/08/2017,6,B101899,CHICÃO DE SANTA ODESSA,B397720,LAS MISIONES TUPANTUBA,FERNANDO GONÇALVES DO NASCIMENTO,
Morfologia Expointer,2025,1,2686,B510560,856,PO LINDO PINGO,MACHO,10/11/2016,7,B269661,AS MALKE SEDUTOR-TE,B229784,MAÑANERO CARLITA,GONÇALO PORTO SILVA,
Morfologia Expointer,2025,1,2687,B512837,1029,BASCO DEL CAMPO,MACHO,18/10/2016,6,B409696,BASCO VENENO,B263223,BASCA PASION,MARIANA FRANCO TELLECHEA E FILHOS,
Morfologia Expointer,2025,1,2688,B504024,4504,BRAVO TUPAMBAÉ,MACHO,11/10/2016,7,B372116,SEDUTOR TUPAMBAÉ,B273595,ÓCA TUPAMBAÉ,OSWALDO DORNELLES PONS,
Morfologia Expointer,2025,1,2756,B641149,182,CERRO CAMPERO RAINHA,FÊMEA,10/02/2023,8,B503936,MANO A MANO DO RAUNA,B393265,CERRO CAMPERO GRALHA AZUL,GIULIANNO CHEMIN SPRÉA,
Morfologia Expointer,2025,1,2757,B642477,418,GAITA PONTO DE QUARACI,FÊMEA,25/01/2023,7,B540444,BUENO DE QUARACI,B569331,CONSTANTE DE QUARACI,ROSALIE TAVARES NEGRINI JONES,
Morfologia Expointer,2025,1,2758,B650588,539,DOM ALBERTO AS XAMA-TE,FÊMEA,19/01/2023,8,B429991,DOM ALBERTO NATALICIO,B545835,DOM ALBERTO REPÚBLICA-TE,FERNANDO ALBERTO SCHOLZE,
Morfologia Expointer,2025,1,2759,B650696,58,JABOTICABA DA BARRA FUNDA,FÊMEA,17/01/2023,9,B548696,JACINTO CALA BASSA-TE,B483455,DORALICE 05 DO BREDA,ROBERTO ARAÚJO DIEDRICH,
Morfologia Expointer,2025,1,2760,B652144,1920,BASCA JOANA,FÊMEA,05/01/2023,6,B617811,DEL OESTE FIERRO,B446622,BASCA ANTÔNIA,MARIANA FRANCO TELLECHEA E FILHOS,
Morfologia Expointer,2025,1,2761,B642497,408,GRIMBEL DE QUARACI,FÊMEA,04/01/2023,8,B540444,BUENO DE QUARACI,B569350,CRISTALINA DE QUARACI-TE,ROSALIE TAVARES NEGRINI JONES,
Morfologia Expointer,2025,1,2762,B642489,422,GAMARRA DE QUARACI,FÊMEA,01/01/2023,7,B395777,JA MATE AMARGO,B383083,BÁRBARA DOS CASTANHEIROS,ROSALIE TAVARES NEGRINI JONES,
Morfologia Expointer,2025,1,2763,B669092,1968,CHUVA DE PRATA DA RECONQUISTA,FÊMEA,30/12/2022,6,B506136,QUERO INVIDO DA RECONQUISTA,B443237,OTRA HIJA DA RECONQUISTA,MARCELO TELLECHEA CAIROLI,
Morfologia Expointer,2025,1,2765,B647984,09,BRISA DA GRITO DE LIBERDADE,FÊMEA,24/12/2022,7,B409696,BASCO VENENO,B476763,HMR JOIA AZUL,GRITO DE LIBERDADE,
Morfologia Expointer,2025,1,2766,B643787,1079,NAJA DOS CASTANHEIROS-TE,FÊMEA,20/12/2022,7,B519187,GALO DE BRIGA DOS CASTANHEIROS,B459555,ESTIRPE DOS CASTANHEIROS,MIGUEL E RODRIGO SCARPELLINI CAMPOS,
Morfologia Expointer,2025,1,2767,B648378,104,OLIVIA DA KITA,FÊMEA,20/12/2022,8,B530664,CHAMAMÉ NOCHERO,B462197,LA QUIMERA,HENRIQUE DE OLIVEIRA,
Morfologia Expointer,2025,1,2768,B651541,25,BONANÇA DA ESTERLINA,FÊMEA,20/12/2022,8,B530664,CHAMAMÉ NOCHERO,B243151,GRAPPA DA RECONQUISTA,ALFREDO LUIZ MEZZOMO,
Morfologia Expointer,2025,1,2769,B639083,16,ESTAMPA DEL CASILLERO -TE,FÊMEA,15/12/2022,6,B464026,SANTA ALICE POSTEIRO,B411469,BUTIÁ ESTAMPA II,JULIANO BIAZUS,
Morfologia Expointer,2025,1,2771,B653761,55,JSS ORACION,FÊMEA,15/12/2022,7,B536061,YANCA INTENDENTE,B462878,JSS FESTA,JOZIANE DA SILVA SCHWANCK OLIVEIRA,
Morfologia Expointer,2025,1,2772,B657119,1891,BASCA JOQUEADA,FÊMEA,11/12/2022,7,B226846,BUENAÇO DA MAIOR,B572448,RZ NOCHE NEGRA DA DA CARAPUÇA-TE,MARIANA FRANCO TELLECHEA E FILHOS,
Morfologia Expointer,2025,1,2774,B655852,07,QUILAY DESTEMIDA,FÊMEA,08/12/2022,8,B530664,CHAMAMÉ NOCHERO,B460030,BASCA BUENA NOCHE,KAREN GOMES PFINGSTAG,
Morfologia Expointer,2025,1,2775,B649408,207,NOBREZA DO SOL BRILHANTE-TE,FÊMEA,06/12/2022,7,B271539,GALO DE SANTA EDWIGES,B566233,IMPERATRIZ DO SOL BRILHANTE,SERGIO AUGUSTO AMARAL,
Morfologia Expointer,2025,1,2776,B656442,594,TAFONA DA DONA SILVINA,FÊMEA,06/12/2022,6,B490012,CATALUÑA FEITIÇO,B406543,GRÉCIA DA ESPORA DE PRATA,CABANHA DONA SILVINA,
Morfologia Expointer,2025,1,2777,B643819,417,TRINCA DA TAIMÃ-TE,FÊMEA,05/12/2022,7,B396137,FANTÁSTICO DE SÃO PEDRO,B366116,HISTÓRIA DA TAIMÃ,TAIANE LETICIA ZOCCHETTO,
Morfologia Expointer,2025,1,2778,B654224,121,LEM PATA BRABA,FÊMEA,05/12/2022,6,B409696,BASCO VENENO,B317738,ALGAZARRA DO PURUNÃ,LUIZ EDUARDO MEHL,
Morfologia Expointer,2025,1,2780,B648377,103,ODALISCA DA KITA,FÊMEA,02/12/2022,8,B552163,MONARCA DA BELA ESPERANÇA,B548723,JUERGA CALA BASSA,HENRIQUE DE OLIVEIRA,
Morfologia Expointer,2025,1,2781,B642852,1382,CAMPANA KORINA,FÊMEA,23/11/2022,8,B481227,TAÑIDO CANTA GALLO,B528938,CAMPANA FITA COLORADA,MÁRIO MOGLIA SUÑE,
Morfologia Expointer,2025,1,2782,B651416,134,UNA FIESTA DA RAUNA,FÊMEA,22/11/2022,8,B503936,MANO A MANO DO RAUNA,B410164,PO FIESTA PÁTRIA,RAFAEL AUGUSTO DO NASCIMENTO,
Morfologia Expointer,2025,1,2783,B648012,1595,RE UMA JÓIA,FÊMEA,21/11/2022,6,B616747,DEL OESTE ZORRINO,B347121,MARCONI ITALIANA,EVALDO FRANCISCO DA ROSA,
Morfologia Expointer,2025,1,2784,B651944,1596,RE ULHA NEGRA-TE,FÊMEA,21/11/2022,8,B616747,DEL OESTE ZORRINO,B566881,RE PUPILA,EVALDO FRANCISCO DA ROSA,
Morfologia Expointer,2025,1,2785,B651956,1593,RE UMA GAROA,FÊMEA,20/11/2022,6,B616747,DEL OESTE ZORRINO,B348737,RE GAROA COM VENTO,EVALDO FRANCISCO DA ROSA,
Morfologia Expointer,2025,1,2788,B652078,1895,BASCA JIMENA,FÊMEA,14/11/2022,6,B617811,DEL OESTE FIERRO,B407451,BASCA VIÑA DEL MAR,MARIANA FRANCO TELLECHEA E FILHOS,
Morfologia Expointer,2025,1,2789,B644183,1412,FACEIRA DA BOA VISTA,FÊMEA,13/11/2022,8,B514288,XEQUE MATE DA BOA VISTA,B400567,JACUTINGA DA MAIOR,FAZENDA BOA VISTA,
Morfologia Expointer,2025,1,2790,B648218,15,MASBI DESTEMIDA,FÊMEA,12/11/2022,7,B409696,BASCO VENENO,B459195,LANÇA 1776 MAUFER,THOBIAS DE ANDRADE NUNES,
Morfologia Expointer,2025,1,2791,B650975,115,TEODORA DA ACÁCIA NEGRA,FÊMEA,11/11/2022,8,B536569,PICASSO DA CABANHA SANTA FÉ,B237155,TRÊS PONTAS NEGAÇA,JORGE ROBERTO NUNES SAINT PIERRE,
Morfologia Expointer,2025,1,2792,B643766,1046,NATASHA DOS CASTANHEIROS,FÊMEA,07/11/2022,6,B617811,DEL OESTE FIERRO,B407988,CHIMARRITA DOS CASTANHEIROS,MIGUEL E RODRIGO SCARPELLINI CAMPOS,
Morfologia Expointer,2025,1,2793,B650921,151,RAMONA LA COMPOSTELLA,FÊMEA,07/11/2022,8,B409696,BASCO VENENO,B536174,JADE LA COMPOSTELLA,MARIA LUIZA TELLECHEA CERQUEIRA E FILHOS,
Morfologia Expointer,2025,1,2795,B647637,287,CATALUÑA NAMORADA,FÊMEA,06/11/2022,9,B490012,CATALUÑA FEITIÇO,B490016,CATALUÑA FASCINAÇÃO,PEDRO GONZALEZ NETO,
Morfologia Expointer,2025,1,2796,B648182,169,KALANDIVA DAS FLORES,FÊMEA,06/11/2022,7,B519131,NOCHERO DA TAMANCA,B521800,ESPERANÇA DA MORADA DO VALE,CLEBER WEYH,
Morfologia Expointer,2025,1,2797,B653935,2371,GAP QUE HONRA,FÊMEA,06/11/2022,7,B396137,FANTÁSTICO DE SÃO PEDRO,B452333,HONRA DA GAP SÃP PEDRO,PARCERIA GAP GENÉTICA,
Morfologia Expointer,2025,1,2798,B653939,2372,GAP QUEIMADA,FÊMEA,06/11/2022,7,B536061,YANCA INTENDENTE,B452470,HERDEIRA DA GAP SÃO PEDRO,PARCERIA GAP GENÉTICA,
Morfologia Expointer,2025,1,2799,B653946,2368,GAP QUE GUAPA,FÊMEA,05/11/2022,7,B396137,FANTÁSTICO DE SÃO PEDRO,B370247,ENERGIA DE SÃO PEDRO,PARCERIA GAP GENÉTICA,
Morfologia Expointer,2025,1,2800,B651596,81,GUASCA JAURIA,FÊMEA,01/11/2022,7,B396137,FANTÁSTICO DE SÃO PEDRO,B507999,CALITERRA JAURIA,MANOEL AUGUSTO ANTOLINI ALVARES DA CUNHA,
Morfologia Expointer,2025,1,2801,B643929,430,RAINHA DO PASSO FUNDO,FÊMEA,30/10/2022,7,B464026,SANTA ALICE POSTEIRO,B447252,RELÍQUIA DO PASSO FUNDO-TE,EVARISTO TAGLIARI NETO,
Morfologia Expointer,2025,1,2802,B655309,632,BAIONETA MAPOCHO-TE,FÊMEA,28/10/2022,8,B530664,CHAMAMÉ NOCHERO,B593687,XISPA MAPOCHO-TE,SÉRGIO SANTOS SANT´ANNA E FILHAS,
Morfologia Expointer,2025,1,2803,B645621,224,IZA DE SANTA LARISSA,FÊMEA,26/10/2022,8,B509629,JAGUAR DA GAP SÃO PEDRO,B563251,SANTA LARISSA ESTAMPA FINA,LUIZ KENDY MAEDA,
Morfologia Expointer,2025,1,2804,B652567,228,JQ SERTÂNIA,FÊMEA,25/10/2022,6,B451415,VINCHUCA DA BOA VISTA,B448033,JQ JARARACA,EDMOND CHAKER FARHAT JÚNIOR,
Morfologia Expointer,2025,1,2805,B644900,1145,UVA ROSADA JB DE PALERMO,FÊMEA,22/10/2022,7,B533024,NARCOTRÁFICO DA TAMANCA,B369585,HIJA BUENA JB DE PALERMO,OTTO JAYME BECKERT,
Morfologia Expointer,2025,1,2806,B666669,55,MIMOSA DO CAPÃO,FÊMEA,22/10/2022,7,B531379,SABE TUDO DA RECONQUISTA,B534342,FIGUEIRA DO CAPÃO,HENRIQUE DEFAVERI ABDALLA,
Morfologia Expointer,2025,1,2807,B638692,58,MOROCHA DO FUNDO DA SERRA,FÊMEA,21/10/2022,7,B231887,ÍNDIO DO BOEIRO,B501275,ESTANCIEIRA DO FUNDO DA SERRA,CRISTIANO SOUZA DA ROSA,
Morfologia Expointer,2025,1,2808,B653957,2359,GAP QUE LINDA-TE,FÊMEA,21/10/2022,8,B396137,FANTÁSTICO DE SÃO PEDRO,B513405,JOVEM GUARDA DA GAP SÃO PEDRO- TE,PARCERIA GAP GENÉTICA,
Morfologia Expointer,2025,1,2809,B643761,1040,NASCENTE DOS CASTANHEIROS,FÊMEA,20/10/2022,7,B438313,KT AMANHECER,B386672,BEATA DOS CASTANHEIROS,MIGUEL E RODRIGO SCARPELLINI CAMPOS,
Morfologia Expointer,2025,1,2811,B655141,180,QUEBRA LUZ DO ROSAL,FÊMEA,20/10/2022,9,B190224,SÃO JOÃO DO JUNCAL PANDEMÔNIO,B493451,MEMORIA DA VENDRAMIN,SADY MARCONDES LOUREIRO NETO,
Morfologia Expointer,2025,1,2812,B653918,2351,GAP QUERÊNCIA,FÊMEA,19/10/2022,7,B396137,FANTÁSTICO DE SÃO PEDRO,B396532,FUZARCA DE SÃO PEDRO,PARCERIA GAP GENÉTICA,
Morfologia Expointer,2025,1,2814,B652055,1843,BASCA JACARTA,FÊMEA,12/10/2022,6,B617811,DEL OESTE FIERRO,B405588,BASCA VALPA,MARIANA FRANCO TELLECHEA E FILHOS,
Morfologia Expointer,2025,1,2815,B643858,35,RTG NAJA,FÊMEA,11/10/2022,7,B495332,UM BUENO DO PASSO DA LAGE,B427987,BRUACA II SOMBRA,ROBERTO THADDEU GOMES,
Morfologia Expointer,2025,1,2816,B680047,2400,GAP QUE PARCERIA,FÊMEA,11/10/2022,8,B536061,YANCA INTENDENTE,B532101,SÃO JOÃO DO JUNCAL PERPÉTUA,PARCERIA GAP GENÉTICA,
Morfologia Expointer,2025,1,2817,B641801,1147,MARESIA DO ITAÓ,FÊMEA,10/10/2022,7,B617811,DEL OESTE FIERRO,B499044,DONZELA DO ITAÓ,CÁSSIO SOUZA BONOTTO,
Morfologia Expointer,2025,1,2582,B653916,2338,GAP QUE BALA,FÊMEA,09/10/2022,6,B536061,YANCA INTENDENTE,B298852,BAZUCA DE SÃO PEDRO,PARCERIA GAP GENÉTICA,
Morfologia Expointer,2025,1,2819,B653923,2334,GAP QUE PINTURA-TE,FÊMEA,06/10/2022,8,B396137,"FANTÁSTICO DE
SÃO PEDRO",B569819,GAP MONALISA,PARCERIA GAP GENÉTICA,
Morfologia Expointer,2025,1,2820,B652447,311,VIRAGRO DÁDIVA,FÊMEA,04/10/2022,9,B589773,SANTA LARISSA FANTASTICO,B537228,ÑANDU JATITA,VIRAGRO AGROPECUÁRIA LTDA,
Morfologia Expointer,2025,1,2821,B653913,2331,GAP QUEBRA LUZ,FÊMEA,03/10/2022,7,B396137,FANTÁSTICO DE SÃO PEDRO,B426291,GARRA DE SÃO PEDRO,PARCERIA GAP GENÉTICA,
Morfologia Expointer,2025,1,2822,B648307,218,ISIS DE SANTA LARISSA,FÊMEA,02/10/2022,9,B509629,"JAGUAR DA GAP
SÃO PEDRO",B544047,SANTA LARISSA DOLCE VITA,LUIZ KENDY MAEDA,
Morfologia Expointer,2025,1,2823,B652060,1827,BASCA JUSTICEIRA,FÊMEA,02/10/2022,6,B146172,BT LUCERO,B330553,BASCA SANGRIA,MARIANA FRANCO TELLECHEA E FILHOS,
Morfologia Expointer,2025,1,2824,B643962,64,MATTIERO FLOR DE LIS,FÊMEA,01/10/2022,9,B524058,RZ MALO ABRIGO DA CARAPUÇA-TE,B515801,MATTIERO FLOR DE TUNA,FELIPE MATTIONI E IRMÃOS,
Morfologia Expointer,2025,1,2825,B651040,455,NIAZZI VIÑA DEL MAR,FÊMEA,01/10/2022,8,B349886,NIAZZI IMPROVISO,B507955,NIAZZI NAVALHA,TIAGO ANTONIAZZI,
Morfologia Expointer,2025,1,2826,B651586,78,GUASCA JÓIA RARA-TE,FÊMEA,01/10/2022,7,B540444,BUENO DE QUARACI,B203812,BT RANCHERA,MANOEL AUGUSTO ANTOLINI ALVARES DA CUNHA,
Morfologia Expointer,2025,1,2827,B652451,314,VIRAGRO FANTÁSTICA,FÊMEA,30/09/2022,9,B589773,SANTA LARISSA FANTASTICO,B430154,BELA UNIÃO SESMARIA,VIRAGRO AGROPECUÁRIA LTDA,
Morfologia Expointer,2025,1,2828,B644300,2309,RZ ESCANDALOZA DA CARAPUÇA,FÊMEA,29/09/2022,6,B573475,RZ NO ME TOQUES II DA CARAPUÇA,B335331,RZ BELLA ANAHI DA CARAPUÇA- TE,RUBENS ELIAS ZOGBI,
Morfologia Expointer,2025,1,2830,B645610,215,IMAGEM DE SANTA LARISSA,FÊMEA,28/09/2022,7,B396137,FANTÁSTICO DE SÃO PEDRO,B349802,FANFARRA DA MAYA,LUIZ KENDY MAEDA,
Morfologia Expointer,2025,1,2831,B655781,1525,RE UTOPIA-TE,FÊMEA,28/09/2022,8,B395816,JA MANDA CHUVA,B566880,RE PIONEIRA-TE,EVALDO FRANCISCO DA ROSA,
Morfologia Expointer,2025,1,2833,B652828,1514,RE UMA BELA,FÊMEA,19/09/2022,7,B592837,RE REGALO-TE,B235997,JA ESPOLETA,EVALDO FRANCISCO DA ROSA,
Morfologia Expointer,2025,1,2834,B643848,402,TEQUILA DA TAIMÃ,FÊMEA,18/09/2022,8,B587123,QUEBRACHO DA TAIMÃ-TE,B524974,NAJA DA TAIMÃ,TAIANE LETICIA ZOCCHETTO,
Morfologia Expointer,2025,1,2835,B651078,615,BAETA COLORADA MAPOCHO,FÊMEA,17/09/2022,8,B530664,CHAMAMÉ NOCHERO,B511162,TERNURA MAPOCHO,SÉRGIO SANTOS SANT´ANNA E FILHAS,
Morfologia Expointer,2025,1,2836,B650246,1506,RE UVA MALBEC-TE,FÊMEA,12/09/2022,7,B499447,YANCAMIL CAHUEL,B442538,RE JEITOSA,EVALDO FRANCISCO DA ROSA,
Morfologia Expointer,2025,1,2837,B654103,2313,GAP QUE BELA,FÊMEA,12/09/2022,8,B536061,YANCA INTENDENTE,B570932,GAP MADAGASCAR,PARCERIA GAP GENÉTICA,
Morfologia Expointer,2025,1,2839,B643556,307,RAMON 307 GUAINA,FÊMEA,09/09/2022,8,B579531,BASCO GUARDIAN,B448015,RAMON VINGANÇA,GER ADMINISTRAÇÃO E PARTICIPAÇÕES S/A,
Morfologia Expointer,2025,1,2840,B645704,1383,FORQUILHA DA BOA VISTA,FÊMEA,09/09/2022,8,B514288,XEQUE MATE DA BOA VISTA,B294093,OPALINA DA BÉZINHA,FAZENDA BOA VISTA,
Morfologia Expointer,2025,1,2842,B651786,359,GALEGA DE QUARACI,FÊMEA,04/09/2022,7,B540444,BUENO DE QUARACI,B473214,MIRAGEM DA MATARAZZO-TE,ROSALIE TAVARES NEGRINI JONES,
Morfologia Expointer,2025,1,2843,B654081,2303,GAP QUIMERA,FÊMEA,03/09/2022,7,B396137,FANTÁSTICO DE SÃO PEDRO,B478946,INTRUSA DA GAP SÃO PEDRO,PARCERIA GAP GENÉTICA,
Morfologia Expointer,2025,1,2844,B657167,0126,MONTE PAMPERO JOGATINA,FÊMEA,31/08/2022,8,B514288,XEQUE MATE DA BOA VISTA,B176008,JA ZOADA,TIAGO SANGIOGO,
Morfologia Expointer,2025,1,2845,B643423,21,FORMOSA DO RINCÃO SEGREDO,FÊMEA,27/08/2022,6,B296959,AS MALKE TORMENTO-TE,B409684,BASCA VANITA,FABIANO HAUSCHILD,
Morfologia Expointer,2025,1,2846,B643852,395,TERNURA DA TAIMÃ,FÊMEA,09/08/2022,8,B587123,QUEBRACHO DA TAIMÃ-TE,B166121,GAMBETA II DA ESCONDIDA,TAIANE LETICIA ZOCCHETTO,
Morfologia Expointer,2025,1,2848,B624657,60,OROSUL JABOTICABA,FÊMEA,05/04/2022,8,B373386,CABARET DO PURUNÃ,B410071,JAGUEL LUANA,EURICO TIBES ORO,
Morfologia Expointer,2025,1,2849,B636504,776,TRINIDAD DA CABANHA SANTA FÉ-TE,FÊMEA,07/02/2022,7,B317108,JA IMPULSO,B185984,JA ANDORINHA,GILBERTO RODRIGUES DE FREITAS,
Morfologia Expointer,2025,1,2850,B633822,721,KT IPIRANGA,FÊMEA,06/01/2022,7,B438313,KT AMANHECER,B354889,KT UTOPIA,"ALFREDO,GUILHERME E DIEGO TELLECHEA",
Morfologia Expointer,2025,1,2853,B622230,99,NIRVANA 99 NOMBRADO,FÊMEA,24/12/2021,7,B372116,SEDUTOR TUPAMBAÉ,B273859,DELICADA DA TAIMÃ,GABRIELA ZANCANARO,
Morfologia Expointer,2025,1,2854,B639248,2238,GAP PAMPEANA,FÊMEA,17/12/2021,7,B396137,"FANTÁSTICO DE
SÃO PEDRO",B396550,FINA ESTAMPA DE SÃO PEDRO-TE,PARCERIA GAP GENÉTICA,
Morfologia Expointer,2025,1,2855,B636398,1468,RE TINAJERA-TE,FÊMEA,13/12/2021,7,B499447,YANCAMIL CAHUEL,B442538,RE JEITOSA,EVALDO FRANCISCO DA ROSA,
Morfologia Expointer,2025,1,2856,B631678,169,CERRO CAMPERO QUEBRA LUZ,FÊMEA,11/12/2021,6,B275980,BUEN ABRIGO DO ROCIO,B393261,CERRO CAMPERO GARRUCHA,GIULIANNO CHEMIN SPRÉA,
Morfologia Expointer,2025,1,2857,B646935,1849,BRAVA GATA 1849 DA RECONQUISTA,FÊMEA,11/12/2021,8,B549506,JA RETOÇO,B580180,OUTRA GATA 929 DA RECONQUISTA-TE,MARCELO TELLECHEA CAIROLI,
Morfologia Expointer,2025,1,2858,B618125,694,MARCONI UTOPIA,FÊMEA,07/12/2021,8,B514288,XEQUE MATE DA BOA VISTA,B442078,JEITOSA DA PÉROLA NEGRA,ALEXANDRE ESPINDOLA ARAÚJO,
Morfologia Expointer,2025,1,2859,B623806,205,HIJA DE LA LUNA DE SANTA LARISSA,FÊMEA,06/12/2021,7,B536061,YANCA INTENDENTE,B542314,SANTA LARISSA DESENVUELTA,LUIZ KENDY MAEDA,
Morfologia Expointer,2025,1,2860,B641165,1453,AS MALKE LUZEIRA,FÊMEA,06/12/2021,7,B536061,YANCA INTENDENTE,B427518,AS MALKE CASTELHANA,SUCESSÃO DE JOSÉ SCHWANCK,
Morfologia Expointer,2025,1,2861,B618700,08,DELICADA DO PINTADO,FÊMEA,03/12/2021,7,B513251,NH GUERREIRO,B198308,OEA RETRETA,MAURICIO BELMONTE BEDINOT,
Morfologia Expointer,2025,1,2862,B619557,97,LEM OCASION,FÊMEA,03/12/2021,8,B514288,XEQUE MATE DA BOA VISTA,B263259,BT VALESCA,LUIZ EDUARDO MEHL,
Morfologia Expointer,2025,1,2863,B621723,682,ZANGADA DA CHARQUEADA,FÊMEA,01/12/2021,6,B225507,FACEIRO DA CHARQUEADA,B300248,JÓIA DA CHARQUEADA,JACÓ EDMUNDO WEIAND,
Morfologia Expointer,2025,1,2864,B633997,569,QUEBRA NOZES DO IMBUIAL,FÊMEA,01/12/2021,6,B460174,BASCO BANDIDO,B588259,INESPERADA DO IMBUIAL,EVALDO MENDES TABORDA,
Morfologia Expointer,2025,1,2865,B654752,1838,BUENA ONDA DA RECONQUISTA - TE,FÊMEA,30/11/2021,6,B269661,AS MALKE SEDUTOR-TE,B246393,GAITA PONTO DA RECONQUISTA,MARCELO TELLECHEA CAIROLI,
Morfologia Expointer,2025,1,2866,B631516,611,AMETISTA MAPOCHO,FÊMEA,28/11/2021,8,B530664,CHAMAMÉ NOCHERO,B454476,ÓPERA DO TURUSSU,SÉRGIO SANTOS SANT´ANNA E FILHAS,
Morfologia Expointer,2025,1,2867,B620870,50,ITA PENELOPE CHARMOSA DO IOI-TE,FÊMEA,26/11/2021,8,B495332,UM BUENO DO PASSO DA LAGE,B551881,ITA MADALENA DO IOI,PARCERIA PECUÁRIA ITA,
Morfologia Expointer,2025,1,2868,B624130,39,VÁRZEA GRANDE ATACAMA,FÊMEA,20/11/2021,6,B460130,BASCO BALUARTE,B442762,VÁRZEA GRANDE PELEADORA,LUCIANO AMARAL PATELLA,
Morfologia Expointer,2025,1,2869,B622227,98,NIAGARA 98 NOMBRADO,FÊMEA,19/11/2021,7,B201279,AQUI ESTOY DA SANTA JUVITA,B317696,ANDARIEGA DO PURUNÃ,GABRIELA ZANCANARO,
Morfologia Expointer,2025,1,2870,B632109,1745,BASCA ILUSION,FÊMEA,16/11/2021,7,B331268,FESTEJO 1061 MAUFER,B405480,BASCA VUELTA DE HONOR,MARIANA FRANCO TELLECHEA E FILHOS,
Morfologia Expointer,2025,1,2872,B632322,1389,JA VINGANÇA,FÊMEA,14/11/2021,8,B547996,JÁ QUIXOTE,B547488,JA QUEDA DE BRAÇO-TE,JOSÉ ANTONIO ANZANELLO,
Morfologia Expointer,2025,1,2873,B625480,182,NH LUA DE MEL,FÊMEA,11/11/2021,9,B529284,NH FABULOSO,B505430,NH GRACIOSA,VALDECIR JOSÉ KÖHLER,
Morfologia Expointer,2025,1,2874,B621839,33,ZAMORA GUANABARA,FÊMEA,09/11/2021,7,B399605,EF RAMÃO,B349502,BODEGA DO PURUNÃ,MARCO ANTONIO VIEIRA BORGES ANTUNES,
Morfologia Expointer,2025,1,2875,B635254,2259,GAP PALOMA,FÊMEA,08/11/2021,8,B569822,GAP MONARCA,B452329,HARMONICA DA GAP SÃO PEDRO,PARCERIA GAP GENÉTICA,
Morfologia Expointer,2025,1,2876,B619671,1285,CAMPANA JOSEFA,FÊMEA,06/11/2021,9,B528898,CAMPANA FAÇO GOSTO,B447664,CAMPANA CANTINA,MÁRIO MOGLIA SUÑE,
Morfologia Expointer,2025,1,2879,B628441,1106,SANTA ALICE AGUERRIDA,FÊMEA,02/11/2021,6,B399620,SANTA ALICE NUBLADO II,B464012,SANTA ALICE PECETA,MARCELO BOMFIGLIO MARÇAL,
Morfologia Expointer,2025,1,2880,B634844,316,JARDINEIRA 316 DO INHANDUVÁ,FÊMEA,02/11/2021,9,B296959,AS MALKE TORMENTO-TE,B512708,ESTIMADA II DO ITAPORORÓ,NESTOR DE MOURA JARDIM NETO,
Morfologia Expointer,2025,1,2881,B631156,139,QUELUAH LA COMPOSTELLA,FÊMEA,26/10/2021,8,B409696,BASCO VENENO,B536174,JADE LA COMPOSTELLA,MARIA LUIZA TELLECHEA CERQUEIRA E FILHOS,
Morfologia Expointer,2025,1,2883,B631571,503,INVERNADA DO AMANHECER,FÊMEA,18/10/2021,8,B569132,FEITIÇO DO AMANHECER,B506228,DISCRETA DO AMANHECER,FÁBIO BELLOTTI MOURA,
Morfologia Expointer,2025,1,2884,B632098,1716,BASCA INFLUÊNCIA,FÊMEA,18/10/2021,6,B296959,AS MALKE TORMENTO-TE,B460100,BASCA BEGÔNIA,MARIANA FRANCO TELLECHEA E FILHOS,
Morfologia Expointer,2025,1,2885,B624965,402,SESMARIA DO PASSO FUNDO-TE,FÊMEA,11/10/2021,7,B396137,FANTÁSTICO DE SÃO PEDRO,B240818,CONFIANÇA DO PASSO FUNDO,EVARISTO TAGLIARI NETO,
Morfologia Expointer,2025,1,2886,B641166,1428,AS MALKE LAMBISGÓIA,FÊMEA,10/10/2021,6,B269661,AS MALKE SEDUTOR- TE,B455401,AS MALKE DEBUTANTE,SUCESSÃO DE JOSÉ SCHWANCK,
Morfologia Expointer,2025,1,2887,B639229,2225,GAP PRINCESA,FÊMEA,05/10/2021,8,B569822,GAP MONARCA,B502065,ILUMINADA DA GAP SÃO PEDRO-TE,PARCERIA GAP GENÉTICA,
Morfologia Expointer,2025,1,2889,B628097,110,GURIA GAUCHA DE LAS BUENAS,FÊMEA,26/09/2021,9,B509618,JALISCO DA GAP SÃO PEDRO,B321091,DAMA NEGRA II DA QUINTA,LUIS CARLOS KOCZKODAY,
Morfologia Expointer,2025,1,2891,B634678,2213,GAP PATRIA,FÊMEA,22/09/2021,7,B396137,"FANTÁSTICO DE
SÃO PEDRO",B452467,HERANÇA DA GAP SÃO PEDRO,PARCERIA GAP GENÉTICA,
Morfologia Expointer,2025,1,2892,B628099,109,GRAÇA DIVINA DE LAS BUENAS,FÊMEA,18/09/2021,6,B269661,AS MALKE SEDUTOR- TE,B369099,AS MALKE AFIADA,LUIS CARLOS KOCZKODAY,
Morfologia Expointer,2025,1,2893,B619664,1242,CAMPANA JUREMA,FÊMEA,13/09/2021,9,B528898,CAMPANA FAÇO GOSTO,B503404,CAMPANA ESCRIBANA,MÁRIO MOGLIA SUÑE,
Morfologia Expointer,2025,1,2894,B619124,1057,LARANJADA DO ITAÓ,FÊMEA,11/09/2021,8,B540178,BASCO ENCANTO,B322997,URNA DO ITAÓ,CÁSSIO SOUZA BONOTTO,
Morfologia Expointer,2025,1,2895,B638004,0570,TROIA DO CAÇADOR,FÊMEA,10/09/2021,7,B226846,BUENAÇO DA MAIOR,B502185,NOBREZA DO CAÇADOR,SANDOVAL CARAMORI,
Morfologia Expointer,2025,1,2897,B624752,291,RAMON 291 FLORÊNCIA,FÊMEA,07/09/2021,7,B351128,AS MALKE VULTO,B308035,ÚLTIMA RIMA DO BARULHO,GER ADMINISTRAÇÃO E PARTICIPAÇÕES S/A,
Morfologia Expointer,2025,1,2898,B619121,1040,LENDA DO ITAÓ,FÊMEA,01/09/2021,7,B395777,JA MATE AMARGO,B453131,CARTILHA DO ITAÓ,CÁSSIO SOUZA BONOTTO,
Morfologia Expointer,2025,1,2899,B619137,1047,LIXIGUANA DO ITAÓ-TE,FÊMEA,01/09/2021,8,B296959,AS MALKE TORMENTO-TE,B534457,FUZARCA DO ITAÓ,CÁSSIO SOUZA BONOTTO,
Morfologia Expointer,2025,1,2900,B625807,397,NATIVIDADE OITAVADA,FÊMEA,31/08/2021,7,B252840,FERIADO DE SANTA EDWIGES,B548342,NATIVIDADE 296 JOCASTA,SYLVIO GOMES RIBAS,
Morfologia Expointer,2025,1,2901,B618470,184,CRC POR UNA ENCANTADA,FÊMEA,26/08/2021,7,B409696,"UNA ENCANTADA
R.P. 184, B618470, NMGC 7, NASC 26/08/2021, FEMEA, COLORADA, POR BASCO VENENO",B367784,CRC ENCANTADA,"RODRIGO, ADEMAR E MARIO CASTELLI",
Morfologia Expointer,2025,1,2902,B619285,132,RIACHO FRIO ÚLTIMA VALSA,FÊMEA,27/07/2021,6,B115082,BT HOSPEDEIRO,B450511,RIACHO FRIO NAMORADA,JOÃO NESTOR MENDES ANTUNES,
Morfologia Expointer,2025,1,2904,B619459,35,RURAL ABREU FANTASIA,FÊMEA,05/07/2021,8,B514288,XEQUE MATE DA BOA VISTA,B224846,SERESTA DO PURUNÃ,ROGÉRIO GARCIA NETO,
Morfologia Expointer,2025,1,2905,B615724,153,PERCANTA DO ROSAL,FÊMEA,02/07/2021,9,B405482,BASCO VALE QUATRO,B518657,NOITE ADENTRO DA VENDRAMIN,SADY MARCONDES LOUREIRO NETO,
Morfologia Expointer,2025,1,2908,B606253,1626,BASCA HOLANDA,FÊMEA,12/12/2020,6,B243062,BASCO ONÁSSIS,B330553,BASCA SANGRIA,MARIANA FRANCO TELLECHEA E FILHOS,
Morfologia Expointer,2025,1,2909,B615648,2114,PINTA LINDA CALA BASSA,FÊMEA,04/12/2020,7,B286330,DEL OESTE MUTANTE,B528474,GENTILEZA II CALA BASSA-TE,MARCELO REZENDE MÓGLIA,
Morfologia Expointer,2025,1,2910,B606881,1027,SJ MAGICA,FÊMEA,14/11/2020,6,B373481,CAPITÃO DO PURUNÃ,B337541,SJ ABRAKADABRA,LUGAJO AGRICULTURA E PECUÁRIA LTDA.,
Morfologia Expointer,2025,1,2914,B610032,28,LA UNIÓN SIMPATIA,FÊMEA,10/10/2020,7,B422617,QUERENDON DO RECANTO CRIOULO,B424421,FACEIRA DO PEREGRINO,RODRIGO HOLZ KROLOW,
Morfologia Expointer,2025,1,2915,B608753,2144,GAP ÓPERA,FÊMEA,08/10/2020,7,B396137,FANTÁSTICO DE SÃO PEDRO,B350012,DESCOBERTA DE SÃO PEDRO,EDUARDO MACEDO LINHARES,
Morfologia Expointer,2025,1,2916,B601682,174,BELLE RESERVA,FÊMEA,06/10/2020,7,B152241,BUTIÁ OLODUM,B374287,BELLE HERDEIRA,ELIZABETH LEMANSKI,
Morfologia Expointer,2025,1,2918,B602704,645,MARCONI TATUAGEM,FÊMEA,27/09/2020,8,B514288,XEQUE MATE DA BOA VISTA,B398940,IDOLATRADA DA PÉROLA NEGRA,ALEXANDRE ESPINDOLA ARAÚJO,
Morfologia Expointer,2025,1,2919,B613916,2130,GAP OCASION,FÊMEA,26/09/2020,7,B396137,FANTÁSTICO DE SÃO PEDRO,B478954,INVEJADA DA GAP SÃO PEDRO,EDUARDO MACEDO LINHARES,
Morfologia Expointer,2025,1,2921,B606848,1074,SANTA ALICE VICUÑA,FÊMEA,19/09/2020,6,B399620,SANTA ALICE NUBLADO II,B428388,SANTA ALICE OLHADA,MARCELO BOMFIGLIO MARÇAL,
Morfologia Expointer,2025,1,2922,B606527,408,QUARESMA DO RIBEIRÃO BONITO,FÊMEA,14/09/2020,6,B460174,BASCO BANDIDO,B464720,JACUTINGA DO RIBEIRÃO BONITO,ARISON JUNG,
Morfologia Expointer,2025,1,2923,B597465,353,CARA PAMPA DA BÉZINHA,FÊMEA,12/09/2020,8,B514288,XEQUE MATE DA BOA VISTA,B273728,"NOZ MOSCADA DA
BÉZINHA",PAULO ROBERTO BORGES SILVEIRA,
Morfologia Expointer,2025,1,2926,B589038,2114,GAP NORUEGA-TE,FÊMEA,13/02/2020,6,B536061,YANCA INTENDENTE,B204330,SICILIANA DE SÃO PEDRO,EDUARDO MACEDO LINHARES,
Morfologia Expointer,2025,1,2927,B585625,26,TRÊS NIÑAS ENCANTADA,FÊMEA,25/01/2020,8,B296959,AS MALKE TORMENTO-TE,B235124,QUARUBA DO ITAPORORÓ,ANA LUCIA FERREIRA JARDIM DE CONVERSO,
Morfologia Expointer,2025,1,2929,B590676,737,XINA LINDA DO RECANTO CRIOULO,FÊMEA,23/10/2019,7,B163595,ATRAÇÃO DO RECANTO CRIOULO,B484653,SEDUTORA DO RECANTO CRIOULO,ADELMO HESS,
Morfologia Expointer,2025,1,2930,B585534,893,HARMONIA DO ITAÓ,FÊMEA,14/10/2019,7,B395777,JÁ MATE AMARGO,B453131,CARTILHA DO ITAÓ,CÁSSIO SOUZA BONOTTO,
Morfologia Expointer,2025,1,2931,B590170,217,DAVINA DE QUARACI,FÊMEA,16/09/2019,7,B239576,RZ SANGUINÁRIO DA CARAPUÇA,B418025,JI MILONGUERA,ROSALIE TAVARES NEGRINI JONES,
Morfologia Expointer,2025,1,2932,B568535,264,SÃO JOSÉ DAS LAGES AÇOITEIRA,FÊMEA,17/12/2018,6,B406221,NUVIOSO DA RECONQUISTA,B289829,SANTA MÔNICA BALSA,ADOLFO JOSÉ MARTINS NETO,
Morfologia Expointer,2025,1,2933,B566880,1100,RE PIONEIRA-TE,FÊMEA,03/12/2018,7,B499447,YANCAMIL CAHUEL,B442538,RE JEITOSA,EVALDO FRANCISCO DA ROSA,
Morfologia Expointer,2025,1,2935,B568031,400,SANTA BRÍGIDA ORACION,FÊMEA,15/10/2018,8,B448153,YALU LINDO BRUJO,B396675,SANTA BRÍGIDA HERMOSA,JOSÉ THOMAZ LARRATEA ARDUVINO E FILHOS,
Morfologia Expointer,2025,1,2937,B565051,52,RJ LUZ VERMELHA,FÊMEA,26/09/2018,6,B409696,BASCO VENENO,B368196,RJ BUENAS NOCHES,ROSANGELA FRAÇÃO E JULIANO FLORES,
Morfologia Expointer,2025,1,2940,B545839,456,DOM ALBERTO RIQUEZA,FÊMEA,19/12/2017,6,B337269,HERDEIRO MARUPÁ,B263262,ITA QUARESMA,FERNANDO ALBERTO SCHOLZE,
Morfologia Expointer,2025,1,2941,B543286,410,LA ITAPITOCAI DO MAKO,FÊMEA,15/12/2017,7,B417689,FANFARRÃO DO MAKO,B254178,ITAPITOCAI FAMOSA,AGROPECUÁRIA DO MAKO LTDA,
Morfologia Expointer,2025,1,2942,B512852,1050,BASCA DE LA REINA,FÊMEA,06/11/2016,5,B243062,BASCO ONÁSSIS,B263233,BASCA PRINCESA,MARIANA FRANCO TELLECHEA E FILHOS,
Morfologia Expointer,2025,1,2943,B504970,754,ORGULHOSA II DO MACANUDO,FÊMEA,01/11/2016,7,B349886,NIAZZI IMPROVISO,B235103,ALTANEIRA DO MACANUDO,MAURO E TELMO FERREIRA,
Morfologia Expointer,2025,1,2944,B518196,593,GULA DOS CASTANHEIROS,FÊMEA,05/09/2016,5,B115082,BT HOSPEDEIRO,B196845,JA BAILANTA,MIGUEL E RODRIGO SCARPELLINI CAMPOS,
Morfologia Expointer,2025,1,2946,B400359,376,INSÍGNIA DA VENDRAMIN,FÊMEA,01/12/2012,6,B190224,SÃO JOÃO DO JUNCAL PANDEMÔNIO,B307536,MADRUGADA DO CARRACHI,ALDO VENDRAMIN,
Morfologia Expointer,2026,1,2700,B675725,380,GUARANI 380 DA RECALADA,MACHO,16/02/2024,7,B372116,SEDUTOR TUPAMBAÉ,B582395,CUMBIA 329 DA RECALADA,FÁBIO LANGLOIS RUIVO,
Morfologia Expointer,2026,1,2701,B678746,182,FEITICEIRO DA RECORRIDA,MACHO,23/01/2024,8,B565746,BASCO FEITICEIRO- TE,B275054,BALALAICA DA TERRA COSTA,LEONARDO E MARÇAL FURIAN,
Morfologia Expointer,2026,1,2703,B666603,82,PONTEIRO DA SOLOFINO,MACHO,20/12/2023,8,B514288,XEQUE MATE DA BOA VISTA,B535906,HARMONIE DA ROSSATTO,HELLTON MOTTIN,
Morfologia Expointer,2026,1,2704,B669162,147,GTA GUAEMBÉ,MACHO,18/12/2023,8,B530664,CHAMAMÉ NOCHERO,B438795,RZ FANTAZIOSSA DA CARAPUÇA,GIBRAN THIVES ARAUJO,
Morfologia Expointer,2026,1,2705,B670605,47,PAMPA DO GUERREIRO,MACHO,18/12/2023,9,B438313,KT AMANHECER,B538562,RJD LEGENDA II,LUCIANO POLETTO AZEVEDO,
Morfologia Expointer,2026,1,2706,B673138,1542,AS MALKE NAMORADOR-TE,MACHO,18/12/2023,6,B243062,BASCO ONÁSSIS,B230528,RZ RENDA LINDA DA CARAPUÇA,SUCESSÃO DE JOSÉ SCHWANCK,
Morfologia Expointer,2026,1,2707,B675188,1742,RE VERÍSSIMO-TE,MACHO,18/12/2023,8,B616747,DEL OESTE ZORRINO,B566880,RE PIONEIRA-TE,EVALDO FRANCISCO DA ROSA,
Morfologia Expointer,2026,1,2708,B665215,76,SANTA LETA MONARCA,MACHO,16/12/2023,8,B587123,QUEBRACHO DA TAIMÃ-TE,B553268,MARCONI RAMONA,MARCELO BONFIGLIO DE BARROS,
Morfologia Expointer,2026,1,2709,B680075,366,UNIVERSO DO ENCANTTO,MACHO,15/12/2023,7,B343555,ENTREVERO DELLA TERSA,B502433,FUZILEIRA DEL SAUCE,PARCERIA IRMÃOS COMIOTTO,
Morfologia Expointer,2026,1,2710,B671033,645,ULTIMATO 645 DA TROVADOR,MACHO,09/12/2023,6,B269661,AS MALKE SEDUTOR-TE,B432645,JÓIA RARA 370 DA TROVADOR,ADRIANO E GUILHERME MALLMANN,
Morfologia Expointer,2026,1,2711,B665645,2474,GAP REAL INVIDO,MACHO,05/12/2023,8,B396137,"FANTÁSTICO DE
SÃO PEDRO",B546115,LA MARTINA DA GAP SÃO PEDRO,PARCERIA GAP GENÉTICA,
Morfologia Expointer,2026,1,2712,B666600,80,PATRON VIEJO DA SOLOFINO,MACHO,05/12/2023,7,B409696,BASCO VENENO,B599595,LINDA MONTA DA SOLOFINO,HELLTON MOTTIN,
Morfologia Expointer,2026,1,2713,B663907,219,OUTRO NAIPE DO SOL BRILHANTE,MACHO,23/11/2023,8,B612296,LUTADOR DO SOL BRILHANTE,B349433,FACEIRA DO BACUDO,SERGIO AUGUSTO AMARAL,
Morfologia Expointer,2026,1,2714,B662927,72,TARAGÜI COMBATE,MACHO,20/11/2023,9,B409696,BASCO VENENO,B511813,TARAGÜI TRANCA,ÉRICO E SÉRGIO RUSSO,
Morfologia Expointer,2026,1,2715,B667558,276,JUNCAL DA MEIA LUA,MACHO,20/11/2023,8,B479078,VANERÃO II DE SANTA THEREZA,B568095,ESTACA DA MEIA LUA,FRANCISCO GERALDO PEREIRA DE SOUZA,
Morfologia Expointer,2026,1,2716,B664010,57,ZAMORA IMPECÁVEL,MACHO,19/11/2023,6,B409696,BASCO VENENO,B330503,GALPONERA DO MORRO CHATO,MARCO ANTONIO VIEIRA BORGES ANTUNES,
Morfologia Expointer,2026,1,2717,B671618,900,VENTO PAMPEANO DA CABANHA SANTA FÉ,MACHO,18/11/2023,8,B514288,XEQUE MATE DA BOA VISTA,B249715,UTOPIA DO PURUNÃ- TE,GILBERTO RODRIGUES DE FREITAS,
Morfologia Expointer,2026,1,2718,B661814,578,SINAL DA CRUZ VELHO CHICO-TE,MACHO,13/11/2023,7,B269661,AS MALKE SEDUTOR-TE,B241273,CASTAÑA DA MAIOR,LAURO VARELA MARTINS,
Morfologia Expointer,2026,1,2719,B661845,111,LAS TINIDERAS COMPÁS,MACHO,06/11/2023,7,B372116,SEDUTOR TUPAMBAÉ,B378195,TARAGÜI OVEJA NEGRA,BERNARDO FERREIRA FISCHER,
Morfologia Expointer,2026,1,2721,B661790,89,REGALO DA RIGOROSA,MACHO,03/11/2023,8,B296959,AS MALKE TORMENTO-TE,B548700,LIBERDADE DA RIGOROSA,ERNI JOSÉ BACKES,
Morfologia Expointer,2026,1,2722,B663789,57,FLORESTA DE OURO PANDEMÔNIO,MACHO,02/11/2023,7,B495332,UM BUENO DO PASSO DA LAGE,B340821,BUERANA DO JARUNÃ,AQUILES PIO FRANCESCHETE,
Morfologia Expointer,2026,1,2723,B670002,40,LAS GURIZAS GUAPO,MACHO,01/11/2023,7,B409696,BASCO VENENO,B531287,LAS GURIZAS AMANDITA,JÚLIO COSTA E FILHAS,
Morfologia Expointer,2026,1,2724,B661587,1441,CAMPANA LAMPIÃO,MACHO,31/10/2023,9,B210113,FACEIRO DO RECANTO CRIOULO,B528915,CAMPANA FLOR DO PAGO,MÁRIO MOGLIA SUÑE,
Morfologia Expointer,2026,1,2725,B666027,464,NATIVIDADE QUARTEL MESTRE,MACHO,30/10/2023,7,B562924,BASCO FEDERAL,B450535,NATIVIDADE GARBOSA II,SYLVIO GOMES RIBAS,
Morfologia Expointer,2026,1,2726,B667861,2023,BASCO LAPACHO-TE,MACHO,30/10/2023,6,B617811,DEL OESTE FIERRO,B478886,BASCA CONSTÂNCIA,MARIANA FRANCO TELLECHEA E FILHOS,
Morfologia Expointer,2026,1,2727,B660799,25,LA VIRGÍNIA CORINGA-TE,MACHO,29/10/2023,8,B396137,FANTÁSTICO DE SÃO PEDRO,B552727,DEJANIRA TUPAMBAÉ,JOSE FERNANDO FAGUNDES,
Morfologia Expointer,2026,1,2728,B667088,478,NATO DO BARRO AZUL,MACHO,28/10/2023,7,B422617,QUERENDON DO RECANTO CRIOULO,B430623,FAÇANHA DO BARRO AZUL,RENATO ROSSELL SARMENTO,
Morfologia Expointer,2026,1,2729,B678500,153,VERSO DA RAUNA,MACHO,28/10/2023,8,B503936,MANO A MANO DO RAUNA,B450911,PR FIRMEZA DE SANTA IZABEL,RAFAEL AUGUSTO DO NASCIMENTO,
Morfologia Expointer,2026,1,2731,B679306,109,ANAY ORIENTAL,MACHO,20/10/2023,8,B530664,CHAMAMÉ NOCHERO,B381989,KT VIRAÇÃO,MAURÍCIO FERNANDES MACHADO,
Morfologia Expointer,2026,1,2732,B669346,1522,AS MALKE NAZARENO,MACHO,16/10/2023,7,B438313,KT AMANHECER,B502085,AS MALKE ERVA MATE-TE,SUCESSÃO DE JOSÉ SCHWANCK,
Morfologia Expointer,2026,1,2733,B669205,654,CHUMBO GROSSO MAPOCHO-TE,MACHO,15/10/2023,8,B530664,CHAMAMÉ NOCHERO,B593070,XERETA MAPOCHO,AGROPECUARIA MAPOCHO LTDA,
Morfologia Expointer,2026,1,2734,B667647,1690,RE VINHAÇO,MACHO,14/10/2023,7,B616747,DEL OESTE ZORRINO,B322761,RE FRANQUIA,EVALDO FRANCISCO DA ROSA,
Morfologia Expointer,2026,1,2735,B661486,248,CANHAFÉ TORMENTO,MACHO,12/10/2023,7,B495332,UM BUENO DO PASSO DA LAGE,B430343,JUSTIÇA DO MACANUDO,FLAVIANO JUNIOR SAIBRO,
Morfologia Expointer,2026,1,2736,B662075,428,FOGO DE CHAO DA BÉZINHA,MACHO,11/10/2023,8,B514288,XEQUE MATE DA BOA VISTA,B589969,"BIBIANA DA
BÉZINHA",PAULO ROBERTO BORGES SILVEIRA,
Morfologia Expointer,2026,1,2737,B658879,196,RELHO TRANÇADO DO ROSAL,MACHO,01/10/2023,6,B190224,SÃO JOÃO DO JUNCAL PANDEMÔNIO,B215423,BT SEVILHANA II,SADY MARCONDES LOUREIRO NETO,
Morfologia Expointer,2026,1,2738,B662237,244,JAGUAR DE SANTA LARISSA-TE,MACHO,01/10/2023,7,B438313,KT AMANHECER,B534286,ÍNDIA II DO PURUNÃ,LUIZ KENDY MAEDA EXPOSITOR: LUIZ KENDY MAEDA,
Morfologia Expointer,2026,1,2739,B671749,877,VERANEIO DA CABANHA SANTA FÉ,MACHO,01/10/2023,7,B317108,JA IMPULSO,B413155,JUMA DA CABANHA SANTA FÉ,GILBERTO RODRIGUES DE FREITAS,
Morfologia Expointer,2026,1,2740,B665684,1077,VIOLEIRO DO MACANUDO,MACHO,28/09/2023,8,B552163,MONARCA DA BELA ESPERANÇA,B451501,LAGUNA DO MACANUDO,MAURO E TELMO FERREIRA,
Morfologia Expointer,2026,1,2741,B664640,44,LINDAÇO DA INVERNADA DA GEADA,MACHO,23/09/2023,7,B448447,"MARCONI CONCHA
Y TORO",B425942,RIO DO RASTRO MISAMORES,ANTUNY RODRIGUES ROSA,
Morfologia Expointer,2026,1,2742,B665777,44,DOM VICO REVOLUÇÃO,MACHO,20/09/2023,7,B438313,KT AMANHECER,B393374,LA CASTELLANA JARANA,VINÍCIUS E RAFAELA DOS SANTOS,
Morfologia Expointer,2026,1,2743,B672452,156,UM BUENO TREMEMBÉ,MACHO,19/09/2023,6,B409696,BASCO VENENO,B404263,JAQUELINE TREMEMBÉ,ADRIANO JOSÉ OST,
Morfologia Expointer,2026,1,2744,B660220,441,HOSPEDEIRO DE QUARACI,MACHO,16/09/2023,7,B540444,BUENO DE QUARACI,B235958,ENLUARADA DE SANTA EDWIGES,ROSALIE TAVARES NEGRINI JONES,
Morfologia Expointer,2026,1,2745,B666736,189,CERRO CAMPERO SARGENTO,MACHO,15/09/2023,8,B503936,MANO A MANO DO RAUNA,B504549,CERRO CAMPERO LUMINOSA,GIULIANNO CHEMIN SPRÉA,
Morfologia Expointer,2026,1,2746,B662231,241,JALISCO DE SANTA LARISSA,MACHO,12/09/2023,7,B396137,FANTÁSTICO DE SÃO PEDRO,B349802,FANFARRA DA MAYA,LUIZ KENDY MAEDA,
Morfologia Expointer,2026,1,2747,B667359,1950,BASCO LINDO PINGO-TE,MACHO,11/09/2023,8,B409696,BASCO VENENO,B562971,BASCA FIESTA GAÚCHA,MARIANA FRANCO TELLECHEA E FILHOS,
Morfologia Expointer,2026,1,2748,B670794,2407,GAP RETRUCO-TE,MACHO,29/08/2023,8,B269661,AS MALKE SEDUTOR-TE,B588707,GAP NALU,PARCERIA GAP GENÉTICA,
Morfologia Expointer,2026,1,2749,B664178,210,CRC RECUERDO,MACHO,25/08/2023,7,B296959,AS MALKE TORMENTO-TE,B367784,CRC ENCANTADA,"RODRIGO, ADEMAR E MARIO CASTELLI",
Morfologia Expointer,2026,1,2750,B665805,83,SANTA LETA MARANELO-TE,MACHO,19/08/2023,8,B480453,MAIS UM MAGISTRADO,B532736,RZ MADEJA II DA CARAPUÇA,MARCELO BONFIGLIO DE BARROS,
Morfologia Expointer,2026,1,2751,B649831,51,MESTRE DA MANECO PEREIRA,MACHO,29/07/2023,7,B495332,UM BUENO DO PASSO DA LAGE,B317708,ÁGUA BENTA DO PURUNÃ,GEONIR EDVARD FONSECA VINCENSI,
Morfologia Expointer,2026,1,2752,B648248,2363,RZ DEL NUEVE DIABLO DA CARAPUÇA -TE,MACHO,30/12/2022,7,B395777,JA MATE AMARGO,B239558,RZ SALVACIÓN DA CARAPUÇA,RUBENS ELIAS ZOGBI,
Morfologia Expointer,2026,1,2753,B645805,707,QUATRO NAIPES DO MAKO,MACHO,25/12/2022,7,B570908,GAP MINUANO,B362792,DE LA NOCHE DO MAKO,AGROPECUÁRIA DO MAKO LTDA,
Morfologia Expointer,2026,1,2754,B638688,745,MARCONI FANTÁSTICO,MACHO,21/12/2022,8,B396137,FANTÁSTICO DE SÃO PEDRO,B542895,MARCONI QUERÊNCIA,ALEXANDRE ESPINDOLA ARAÚJO,
Morfologia Expointer,2026,1,2755,B645697,39,LAS GURIZAS FOGONERO,MACHO,20/12/2022,7,B231887,ÍNDIO DO BOEIRO,B518452,PITANGA DO CAPÃO DA RONDA,JÚLIO COSTA E FILHAS,
Morfologia Expointer,2026,1,2756,B653186,1489,AS MALKE MANOTAÇO,MACHO,20/12/2022,7,B438313,KT AMANHECER,B236599,AS MALKE QUE BELA,SUCESSÃO DE JOSÉ SCHWANCK,
Morfologia Expointer,2026,1,2757,B652145,1914,BASCO JOÃO NINGUÉM,MACHO,19/12/2022,8,B243062,BASCO ONÁSSIS,B563057,BASCA FINA FLOR,MARIANA FRANCO TELLECHEA E FILHOS,
Morfologia Expointer,2026,1,2758,B656076,143,MONTE PAMPERO JOGO DE SORTE,MACHO,05/12/2022,7,B396137,FANTÁSTICO DE SÃO PEDRO,B242263,MOROCHA DA BOA VISTA,TIAGO SANGIOGO,
Morfologia Expointer,2026,1,2759,B656437,582,LA CASTELLANA TRANQUILO,MACHO,03/12/2022,7,B208394,CUTUCO DE SANTA EDWIGES,B349671,LA CASTELLANA HONRA DA CASA,MARCELO AMARAL MORAES,
Morfologia Expointer,2026,1,2760,B653613,56,PONS JAGUARI,MACHO,01/12/2022,8,B512814,BASCO DESPUNTE,B383403,NIAZZI JABOTICABA,ANDRÉ SESTI DIEFENBACH,
Morfologia Expointer,2026,1,2761,B643054,1155,FUGITIVO 1155 DO PEÑAROL,MACHO,27/11/2022,6,B409696,BASCO VENENO,B196604,IMBUIA 837 DO PEÑAROL,CAROLINA ELENE SUÑÉ BONFADA,
Morfologia Expointer,2026,1,2762,B645604,230,INQUISITOR DE SANTA LARISSA,MACHO,24/11/2022,6,B403335,INQUISITOR 1490 MAUFER,B462538,TRÊS CERROS FUMARADA,LUIZ KENDY MAEDA,
Morfologia Expointer,2026,1,2763,B652089,1905,BASCO JOHNNIE WALKER,MACHO,24/11/2022,6,B617811,DEL OESTE FIERRO,B478798,BASCA CASTANHEIRA,MARIANA FRANCO TELLECHEA E FILHOS,
Morfologia Expointer,2026,1,2764,B644151,09,DON GONÇALO EL ENEMIGO,MACHO,20/11/2022,8,B556496,DON GONÇALO MELCHOR,B459215,LINDA DAMA 1790 MAUFER,RAMON CORBELLINI,
Morfologia Expointer,2026,1,2765,B649214,862,CIMARRON DO LISCANO,MACHO,16/11/2022,7,B396137,"FANTÁSTICO DE
SÃO PEDRO",B455460,AS MALKE DUQUEZA,PIETRO E GIULIANO PEREIRA ZANETTI,
Morfologia Expointer,2026,1,2766,B638690,739,MARCONI BRAVO,MACHO,10/11/2022,7,B396137,"FANTÁSTICO DE
SÃO PEDRO",B347126,MARCONI IMAGEM,ALEXANDRE ESPINDOLA ARAÚJO,
Morfologia Expointer,2026,1,2767,B653564,1886,BASCO JESUÍTA,MACHO,08/11/2022,6,B243062,BASCO ONÁSSIS,B460125,BASCA BONANZA,MARIANA FRANCO TELLECHEA E FILHOS,
Morfologia Expointer,2026,1,2768,B643550,69,TARAGÜI BIEN HABLADO,MACHO,07/11/2022,7,B438313,KT AMANHECER,B457543,TARAGÜI RINCONADA,ÉRICO E SÉRGIO RUSSO,
Morfologia Expointer,2026,1,2769,B651546,1572,RE UM PONCHO,MACHO,06/11/2022,8,B616747,DEL OESTE ZORRINO,B491525,NASCENTE DA CABANHA SANTA FÉ,EVALDO FRANCISCO DA ROSA,
Morfologia Expointer,2026,1,2770,B642844,1364,CAMPANA KAIO,MACHO,02/11/2022,8,B481227,TAÑIDO CANTA GALLO,B551787,CAMPANA GAZELA,MÁRIO MOGLIA SUÑE,
Morfologia Expointer,2026,1,2771,B651073,634,BERRO GROSSO MAPOCHO,MACHO,31/10/2022,8,B530664,CHAMAMÉ NOCHERO,B574678,UMA PROMESSA MAPOCHO,SÉRGIO SANTOS SANT´ANNA E FILHAS,
Morfologia Expointer,2026,1,2772,B652024,1870,BASCO JAGUARI,MACHO,25/10/2022,7,B146172,BT LUCERO,B479054,BASCA CONTRADIÇÃO,MARIANA FRANCO TELLECHEA E FILHOS,
Morfologia Expointer,2026,1,2773,B641339,311,RAMON 311 GUANACO,MACHO,17/10/2022,8,B579531,BASCO GUARDIAN,B555203,RAMON CHINOCA,GER ADMINISTRAÇÃO E PARTICIPAÇÕES S/A,
Morfologia Expointer,2026,1,2774,B657103,662,TUPAMBAÉ DA TAMANCA,MACHO,17/10/2022,8,B519131,NOCHERO DA TAMANCA,B565794,PAPA FINA DA TAMANCA,LAURO CARDOSO TERRA E FILHOS,
Morfologia Expointer,2026,1,2775,B647468,163,CANTO FORTE MATTOS,MACHO,16/10/2022,8,B530664,CHAMAMÉ NOCHERO,B532428,JV RIGOROSA,DIEGO NASCIMENTO DE MATTOS,
Morfologia Expointer,2026,1,2776,B652933,10,TER FACUNDO,MACHO,15/10/2022,8,B503936,MANO A MANO DO RAUNA,B527791,ABRE CANCHA DA VH,MARCOS RAUL FERREIRA FAGUNDES E FERNANDA HELENA HORN,
Morfologia Expointer,2026,1,2777,B656722,697,AMARGO DA CHARQUEADA,MACHO,13/10/2022,7,B409696,BASCO VENENO,B300265,JUIZA DA CHARQUEADA,JACÓ EDMUNDO WEIAND,
Morfologia Expointer,2026,1,2778,B648753,2276,SOY SANTO CALA BASSA-TE,MACHO,09/10/2022,6,B296959,AS MALKE TORMENTO-TE,B410287,ERVA SANTA CALA BASSA,MARCELO REZENDE MÓGLIA,
Morfologia Expointer,2026,1,2779,B646278,1391,FARROUPILHA DA BOA VISTA,MACHO,30/09/2022,8,B514288,XEQUE MATE DA BOA VISTA,B241273,CASTAÑA DA MAIOR,FAZENDA BOA VISTA,
Morfologia Expointer,2026,1,2780,B647254,01,BALAÇO DA CANAÃ DA FÉ,MACHO,30/09/2022,7,B201279,AQUI ESTOY DA SANTA JUVITA,B367340,ENCARNACION DO MAKO,MATIAS EZIQUIEL TIECHER,
Morfologia Expointer,2026,1,2781,B648262,1127,SEDUTOR DO CAPÃO REDONDO,MACHO,14/09/2022,8,B319623,FICHERO DO CAPÃO REDONDO,B567360,OLIVA DO CAPÃO REDONDO,ANTONIO CARLOS ALBUQUERQUE PY,
Morfologia Expointer,2026,1,2782,B651920,264,IMPÉRIO DA MEIA LUA,MACHO,12/09/2022,7,B540444,BUENO DE QUARACI,B356251,INDIANA DA MEIA LUA,FRANCISCO GERALDO PEREIRA DE SOUZA,
Morfologia Expointer,2026,1,2783,B641128,59,JURADO DA CVC,MACHO,07/09/2022,9,B226846,BUENAÇO DA MAIOR,B532845,ESMERALDA DA CVC,LEONARDO MARTINS GARCIA,
Morfologia Expointer,2026,1,2784,B654080,2307,GAP QUERENDON-TE,MACHO,06/09/2022,8,B536061,YANCA INTENDENTE,B573894,GAP MANDIYU,PARCERIA GAP GENÉTICA,
Morfologia Expointer,2026,1,2785,B650241,1498,RE ULTRAJE,MACHO,04/09/2022,7,B395816,JA MANDA CHUVA,B507445,RE NICÉIA,EVALDO FRANCISCO DA ROSA,
Morfologia Expointer,2026,1,2786,B651160,229,RF MACANUDO,MACHO,01/09/2022,7,B451471,LAMPIÃO DO MACANUDO,B274821,CASCAVEL DO MACANUDO,RENATA BARBOZA FISCHER,
Morfologia Expointer,2026,1,2787,B653893,460,PP ELEGIDO DA RENASCER-TE,MACHO,30/08/2022,9,B269661,AS MALKE SEDUTOR-TE,B556022,PP ZARA DA RENASCER-TE,PAULO ROBERTO PAVIN,
Morfologia Expointer,2026,1,2788,B643202,155,KIKITO DAS FLORES,MACHO,18/08/2022,7,B519131,NOCHERO DA TAMANCA,B377636,RZ DALIA ROSA DA CARAPUÇA,CLEBER WEYH,
Morfologia Expointer,2026,1,2789,B631827,451,RODOPIO DO RIBEIRÃO BONITO-TE,MACHO,19/03/2022,5,B146172,BT LUCERO,B158582,BAIONETA DO TAMBORÉ,ARISON JUNG,
Morfologia Expointer,2026,1,2790,B629119,56,LAB MUSIQUEIRO,MACHO,30/12/2021,7,B395777,JA MATE AMARGO,B242263,MOROCHA DA BOA VISTA,LUAN ARALDI BAGGIO,
Morfologia Expointer,2026,1,2791,B622373,22,COLIBRI DA ALBUQUERQUE,MACHO,15/12/2021,7,B489035,QUILERO CATA VENTO,B244600,PONTA FINA MINASUERTE,LUCIANO ALBUQUERQUE DE MELLO,
Morfologia Expointer,2026,1,2792,B628269,162,OPORTUNO DA ASKATASUNA,MACHO,10/12/2021,8,B530664,CHAMAMÉ NOCHERO,B383185,BT ESCONDIDA,MARIA IZABEL FRANCO TELLECHEA,
Morfologia Expointer,2026,1,2793,B629029,27,IGUAÇU DEL TIERBA,MACHO,30/11/2021,6,B371076,JA LIBERTADOR,B291783,DEBOCHADA DO MACANUDO,CARLOS RICARDO SZCZERBOWSKI,
Morfologia Expointer,2026,1,2794,B637651,1744,BASCO INIMIGO II-TE,MACHO,16/11/2021,8,B467678,GOLILLA PATRON,B540923,BASCA ESMERALDA II,MARIANA FRANCO TELLECHEA E FILHOS,
Morfologia Expointer,2026,1,2795,B625524,154,RETRATO DA SANTA MARIA DO ITU,MACHO,15/11/2021,8,B514288,XEQUE MATE DA BOA VISTA,B292811,AFIRMATIVA DO MARCADOR,CRISTIANO WEBER DA SILVA,
Morfologia Expointer,2026,1,2796,B640713,154,LOS ROTCHA UN SALUDO,MACHO,11/11/2021,8,B552436,LOS ROTCHA RELICÁRIO,B320698,CORTICEIRA DE SÃO PEDRO,RODRIGO E FERNANDO OCTÁVIO DA ROCHA,
Morfologia Expointer,2026,1,2797,B624041,06,VELO CORRENTINO,MACHO,16/10/2021,8,B569822,GAP MONARCA,B455434,AS MALKE DEFESA,FERNANDO REBES VELO FILHO,
Morfologia Expointer,2026,1,2798,B628645,366,GUANABARA ZARAGOZA-TE,MACHO,12/10/2021,8,B508256,MAIS UM NUMERÁRIO,B399882,GUANABARA OTRA MÁS,LUIZ CARLOS DA SILVA CARVALHO JUNIOR,
Morfologia Expointer,2026,1,2799,B632301,412,NIAZZI UNIVERSO,MACHO,20/09/2021,7,B349886,NIAZZI IMPROVISO,B414804,NIAZZI LUA CHEIA,TIAGO ANTONIAZZI,
Morfologia Expointer,2026,1,2800,B635886,29,HARAGANO DA MAYER,MACHO,07/08/2021,8,B401245,DARTAGNAN DO PURUNÃ,B486935,CONQUISTA DA MAYER,RODRIGO JOSÉ MAYER E NEREU JOLI MAYER,
Morfologia Expointer,2026,1,2801,B615646,2132,PONTO CRUZ CALA BASSA,MACHO,15/02/2021,8,B286330,DEL OESTE MUTANTE,B518261,IMPOSTA CALA BASSA,MARCELO REZENDE MÓGLIA,
Morfologia Expointer,2026,1,2802,B608758,2186,GAP OÁSIS-TE,MACHO,02/12/2020,7,B396137,"FANTÁSTICO DE
SÃO PEDRO",B320690,CARLOTA DE SÃO PEDRO,EDUARDO MACEDO LINHARES,
Morfologia Expointer,2026,1,2803,B599771,126,IMPONENTE DA MORADA DO VALE,MACHO,14/11/2020,7,B519131,NOCHERO DA TAMANCA,B330779,RZ BOCHINCHERA DA CARAPUÇA,CLEBER WEYH,
Morfologia Expointer,2026,1,2804,B609924,67,LANCEIRO DO DIAMANTE,MACHO,11/11/2020,6,B409696,BASCO VENENO,B444315,FIRMEZA 2034,REGINALDO OLIVEIRA TAVARES,
Morfologia Expointer,2026,1,2805,,,TAÑIDO BUENAZO,MACHO,11/11/2020,0,B499447,YANCAMIL CAHUEL,D095895,TAÑIDO BOLILLERA,IRUNDY S.A,
Morfologia Expointer,2026,1,2806,B612055,209,JQ QUARTEL GENERAL,MACHO,08/11/2020,6,B371076,JA LIBERTADOR,B448027,JQ JÓIA RARA,EDMOND CHAKER FARHAT JÚNIOR,
Morfologia Expointer,2026,1,2807,B608781,44,NJE INCRÍVEL-TE,MACHO,03/10/2020,7,B396137,FANTÁSTICO DE SÃO PEDRO,B532121,NJE PRECIOSA -TE,NAUDÁRIO CERATTI VEGA,
Morfologia Expointer,2026,1,2808,B606188,1513,BASCO HERDEIRO,MACHO,16/07/2020,7,B243062,BASCO ONÁSSIS,B447015,BASCA ACORDEONA,MARIANA FRANCO TELLECHEA E FILHOS,
Morfologia Expointer,2026,1,2809,B591910,246,DAKOTA DE QUARACI – TE,MACHO,04/01/2020,7,B235945,EQUADOR DE SANTA EDWIGES,B421501,BALISA III DO ITAPORORÓ,ROSALIE TAVARES NEGRINI JONES,
Morfologia Expointer,2026,1,2810,B574283,81,LEVIATÃ 81 NOMBRADO,MACHO,17/11/2019,7,B186023,ALTO ASTRAL DE SANTA EDWIGES,B390099,BRISA MANSA 17 NOMBRADO,GABRIELA ZANCANARO,
Morfologia Expointer,2026,1,2811,B576468,138,TR VENENO,MACHO,11/11/2019,7,B409696,BASCO VENENO,B167543,DELANTERA PUACÁ,ELIETE VIGNAGA TONUS,
Morfologia Expointer,2026,1,2812,B590532,2096,QUATRO TENTOS 2096 MAUFER-TE,MACHO,23/10/2019,6,B444811,IMPERADOR 1562 MAUFER-TE,B459238,LUZ DEL FUEGO 1808 MAUFER,FERNANDO LAMPERT WEIAND,
Morfologia Expointer,2026,1,2813,B576586,261,RAMON 261 DOZE BRAÇAS,MACHO,02/10/2019,7,B351128,AS MALKE VULTO,B308035,ÚLTIMA RIMA DO BARULHO,GER ADMINISTRAÇÃO E PARTICIPAÇÕES S/A,
Morfologia Expointer,2026,1,2814,B597057,1908,MAHALO CALA BASSA,MACHO,24/08/2019,6,B286330,DEL OESTE MUTANTE,B349700,FIRMEZA 1859,MARCELO REZENDE MÓGLIA,
Morfologia Expointer,2026,1,2815,B600228,340,VV GALO DE BRIGA-TE,MACHO,20/02/2019,7,B446430,CHARQUE INOCÊNCIO,B384891,VV ZOADA,VICTOR INÁCIO VOLKWEIS,
Morfologia Expointer,2026,1,2816,B581651,23,GAMELEIRA FIDALGO,MACHO,19/01/2019,9,B443147,ALFERES DO ORELHANO,B295886,TRES LUGARES II ESCURRIA,VICTOR BARBOSA PENNER,
Morfologia Expointer,2026,1,2817,B569797,103,SANTA LARISSA EL ENEMIGO-TE,MACHO,06/09/2018,6,B371076,JA LIBERTADOR,B349802,FANFARRA DA MAYA,LUIZ KENDY MAEDA,
Morfologia Expointer,2026,1,2818,B532384,956,SANTO PAGO CHARRUA,MACHO,13/11/2017,7,B269661,AS MALKE SEDUTOR-TE,B253051,FISGA CHARRUA,JOÃO ROUGET PÉREZ WREGE,
Morfologia Expointer,2026,1,2819,B591533,213,QUATRO TENTOS DA TUNEIRA,MACHO,09/10/2017,7,B396137,FANTÁSTICO DE SÃO PEDRO,B356363,CAMB JOANA 459,LÚCIO MACHADO FONTOURA,
Morfologia Expointer,2026,1,2820,B536602,434,PAMPEIRO DA CABANHA SANTA FÉ,MACHO,26/09/2017,7,B317108,JA IMPULSO,B237452,CAMINERA DA CABANHA SANTA FÉ,GILBERTO RODRIGUES DE FREITAS,
Morfologia Expointer,2026,1,2821,B508432,93,PEREGRINO DAS TRÊS PIRÂMIDES,MACHO,12/09/2016,6,B269661,AS MALKE SEDUTOR-TE,B213820,CANANÉIA DAS TRÊS PIRÂMIDES,MOACIR ZENI TOMAZ FILHO,
Morfologia Expointer,2026,1,2883,B687337,2487,GAP RAINHA-TE,FÊMEA,28/02/2024,8,B562138,CHARQUE ALMIRANTE,B570910,GAP MARQUESA,PARCERIA GAP GENÉTICA,
Morfologia Expointer,2026,1,2884,B676760,190,VARSOVIA DA DON FERRANTE,FÊMEA,06/02/2024,8,B552163,MONARCA DA BELA ESPERANÇA,B572676,IBERICA DO PINHEIRO ALTO,PARCERIA ANDREANI E FERRI,
Morfologia Expointer,2026,1,2885,B664339,186,VITÓRIA DO MORRO CHATO,FÊMEA,03/02/2024,8,B570652,QUEBRACHO NEGRO DO MORRO CHATO,B372960,GANDAIA DA MAYA,MARLUS ARRUDA SILVA,
Morfologia Expointer,2026,1,2886,B674452,189,VIBORA DA DON FERRANTE,FÊMEA,20/01/2024,8,B514288,XEQUE MATE DA BOA VISTA,B548505,ZR LIBÉRIA,PARCERIA ANDREANI E FERRI,
Morfologia Expointer,2026,1,2887,B678396,49,PALHEIRO QUERÊNCIA,FÊMEA,18/01/2024,8,B454471,CHARQUE SENSATO,B334602,BT COLORADA,HELINEY TAVARES IZQUIERDO,
Morfologia Expointer,2026,1,2888,B669900,89,FARROUPILHA DA TROPILHA PADROEIRA,FÊMEA,15/01/2024,7,B438313,KT AMANHECER,B515280,PO LUNA BLANCA,JOSÉ BERNARDO TERRA CARDOZO,
Morfologia Expointer,2026,1,2889,B673539,645,LA CASTELLANA UEJA,FÊMEA,11/01/2024,7,B644570,SIETE JILGUERO,B367473,LA CASTELLANA IMPERATRIZ,MARCELO AMARAL MORAES,
Morfologia Expointer,2026,1,2890,B660737,101,ULTIMA RIMA DA CASA VELHA,FÊMEA,06/01/2024,8,B514288,XEQUE MATE DA BOA VISTA,B387700,BELA DO ORUBÉ,WILLIAN LUVISON,
Morfologia Expointer,2026,1,2891,B661829,175,NORTEÑA DA RECORRIDA,FÊMEA,02/01/2024,9,B241833,BAGUNCEIRO 24 DA TROVADOR,B553995,HERRAMIENTA DA RECORRIDA,LEONARDO E MARÇAL FURIAN,
Morfologia Expointer,2026,1,2892,B674002,658,SANTA BRÍGIDA TINAJERA-TE,FÊMEA,26/12/2023,7,B286330,DEL OESTE MUTANTE,B428420,SANTA ALICE ORELHANA,JOSÉ THOMAZ LARRATEA ARDUVINO E FILHOS,
Morfologia Expointer,2026,1,2893,B667859,2062,BASCA LEONA,FÊMEA,23/12/2023,7,B617811,DEL OESTE FIERRO,B382870,BASCA ÚRSULA,MARIANA FRANCO TELLECHEA E FILHOS,
Morfologia Expointer,2026,1,2894,B660324,190,IMACULADA DE LAS BUENAS,FÊMEA,08/12/2023,7,B396137,FANTÁSTICO DE SÃO PEDRO,B537580,BRIDA DE LAS BUENAS,LUIS CARLOS KOCZKODAY,
Morfologia Expointer,2026,1,2895,B669369,1536,AS MALKE NOBREZA II,FÊMEA,05/12/2023,7,B438313,KT AMANHECER,B376724,KT UMA BALA,SUCESSÃO DE JOSÉ SCHWANCK,
Morfologia Expointer,2026,1,2896,B671124,08,QUILAY ERVA BUENA,FÊMEA,05/12/2023,8,B530664,CHAMAMÉ NOCHERO,B460030,BASCA BUENA NOCHE,KAREN GOMES PFINGSTAG,
Morfologia Expointer,2026,1,2897,B661485,250,CANHAFÉ TIRANA,FÊMEA,30/11/2023,8,B530664,CHAMAMÉ NOCHERO,B519162,NIAZZI PÉROLA,FLAVIANO JUNIOR SAIBRO,
Morfologia Expointer,2026,1,2898,B662277,455,HARMONICA DE QUARACI,FÊMEA,28/11/2023,8,B530664,CHAMAMÉ NOCHERO,B356825,HARMONIA DO MORRO CHATO,ROSALIE TAVARES NEGRINI JONES,
Morfologia Expointer,2026,1,2899,B665628,2468,GAP RANCAGUA,FÊMEA,22/11/2023,8,B396137,"FANTÁSTICO DE
SÃO PEDRO",B570938,GAP MADRILEÑA,PARCERIA GAP GENÉTICA,
Morfologia Expointer,2026,1,2900,B675381,1729,RE VIVARACHA,FÊMEA,20/11/2023,8,B616747,DEL OESTE ZORRINO,B491525,NASCENTE DA CABANHA SANTA FÉ,EVALDO FRANCISCO DA ROSA,
Morfologia Expointer,2026,1,2901,B672900,898,VENTANIA DA CABANHA SANTA FÉ-TE,FÊMEA,18/11/2023,8,B514288,XEQUE MATE DA BOA VISTA,B167227,JA XALALÁ,GILBERTO RODRIGUES DE FREITAS,
Morfologia Expointer,2026,1,2902,B671122,47,DÉCIMA RIMA DA PROTEÇÃO,FÊMEA,17/11/2023,8,B530664,CHAMAMÉ NOCHERO,B342501,ÁGATHA DO EL TRAPEZON,LAURA SIMÕES PANDO,
Morfologia Expointer,2026,1,2903,B663564,41,VENTANIA DAS BICAS,FÊMEA,12/11/2023,7,B409696,BASCO VENENO,B440904,ESTANCIEIRA DA SNC,WILLIAM PAIS VIGANÓ,
Morfologia Expointer,2026,1,2904,B662925,71,TARAGÜI CATARINA,FÊMEA,10/11/2023,9,B509618,JALISCO DA GAP SÃO PEDRO,B457543,TARAGÜI RINCONADA,ÉRICO E SÉRGIO RUSSO,
Morfologia Expointer,2026,1,2905,B666177,2460,GAP RAMA NEGRA,FÊMEA,10/11/2023,7,B396137,FANTÁSTICO DE SÃO PEDRO,B351095,AS MALKE VÍBORA,PARCERIA GAP GENÉTICA,
Morfologia Expointer,2026,1,2907,B662802,13,AURORA DA CABANHA 2 R,FÊMEA,04/11/2023,9,B545029,ALCATRAZ DA BOA VISTA,B536556,PERITA DA CABANHA SANTA FÉ,RENATO ROSA DA SILVA,
Morfologia Expointer,2026,1,2908,B670788,2456,GAP RETRANCA-TE,FÊMEA,01/11/2023,9,B587123,QUEBRACHO DA TAIMÃ-TE,B588677,GAP NIRVANA,PARCERIA GAP GENÉTICA,
Morfologia Expointer,2026,1,2910,B666070,177,IDOLATRIA DE LAS BUENAS,FÊMEA,26/10/2023,8,B209322,MARAGATO DOS ALPES,B489322,LA BRAVA DOS TRÊS CORAÇÕES,LUIS CARLOS KOCZKODAY,
Morfologia Expointer,2026,1,2911,B669359,1528,AS MALKE NAVALHA II,FÊMEA,25/10/2023,7,B536061,YANCA INTENDENTE,B455404,AS MALKE DRÁSTICA,SUCESSÃO DE JOSÉ SCHWANCK,
Morfologia Expointer,2026,1,2912,B665648,2448,GAP ROSA,FÊMEA,19/10/2023,7,B396137,FANTÁSTICO DE SÃO PEDRO,B479031,ITAPEMA DA GAP SÃO PEDRO,PARCERIA GAP GENÉTICA,
Morfologia Expointer,2026,1,2913,B670075,2001,BASCA LUA CHEIA,FÊMEA,13/10/2023,7,B512875,BASCO DOMERO,B382790,BT ESTRELA CHIRUA,MARIANA FRANCO TELLECHEA E FILHOS,
Morfologia Expointer,2026,1,2914,B666905,111,MANCHA DE AMOR DA PÁTRIA CRIOULA,FÊMEA,12/10/2023,6,B464870,KALIFA DA MAYA,B456684,URUTU DA BÉZINHA,TAIANA PALUDO,
Morfologia Expointer,2026,1,2915,B666721,63,NOGUEIRA DO CAPÃO,FÊMEA,10/10/2023,7,B531379,SABE TUDO DA RECONQUISTA,B534342,FIGUEIRA DO CAPÃO,HENRIQUE DEFAVERI ABDALLA,
Morfologia Expointer,2026,1,2916,B669337,1518,AS MALKE NEVASCA II,FÊMEA,10/10/2023,7,B536061,YANCA INTENDENTE,B545833,AS MALKE GAJETA,SUCESSÃO DE JOSÉ SCHWANCK,
Morfologia Expointer,2026,1,2917,B660952,699,TERTÚLIA DA TAMAREIRA-TE,FÊMEA,09/10/2023,7,B438313,KT AMANHECER,B534286,ÍNDIA II DO PURUNÃ,CARLA F. MUSA / ONÉCIO SILVEIRA PRADO JR,
Morfologia Expointer,2026,1,2918,B660328,168,ILUMINADA DE LAS BUENAS,FÊMEA,05/10/2023,6,B269661,AS MALKE SEDUTOR- TE,B369099,AS MALKE AFIADA,LUIS CARLOS KOCZKODAY,
Morfologia Expointer,2026,1,2919,B662228,246,JOCASTA DE SANTA LARISSA,FÊMEA,03/10/2023,8,B509629,JAGUAR DA GAP SÃO PEDRO,B474948,BARCELONA DE SANTA LARISSA,LUIZ KENDY MAEDA,
Morfologia Expointer,2026,1,2920,B671606,878,VACARIA DA CABANHA SANTA FÉ,FÊMEA,01/10/2023,7,B317108,JA IMPULSO,B519101,ZARABATANA DA BOA VISTA,GILBERTO RODRIGUES DE FREITAS,
Morfologia Expointer,2026,1,2921,B677207,120,VARADERO MACARENA DA QUILERO,FÊMEA,01/10/2023,8,B530664,CHAMAMÉ NOCHERO,B420091,NAZARENA DO ACEGUÁ,LUIS PAULO BISPO DA COSTA DALÉ,
Morfologia Expointer,2026,1,2922,B672061,368,CHASQUE SERENA II,FÊMEA,26/09/2023,7,B396137,FANTÁSTICO DE SÃO PEDRO,B458384,CHASQUE CHARCA II,MANUEL LUÍS BENEVENGA SARMENTO,
Morfologia Expointer,2026,1,2923,B670543,2432,GAP RESERVA,FÊMEA,21/09/2023,7,B396137,"FANTÁSTICO DE
SÃO PEDRO",B570931,GAP MAESTRIA,PARCERIA GAP GENÉTICA,
Morfologia Expointer,2026,1,2924,B670111,32,BUENAS HIJAS INGUIRRA,FÊMEA,20/09/2023,6,B573475,RZ NO ME TOQUES II DA CARAPUÇA,B285227,BT ANGELINA,FABIANO GAVIOLI FACHINI,
Morfologia Expointer,2026,1,2925,B665030,1214,NORUEGA DO ITAÓ-TE,FÊMEA,15/09/2023,5,B617811,DEL OESTE FIERRO,B453134,CARPETA DO ITAÓ,CÁSSIO SOUZA BONOTTO,
Morfologia Expointer,2026,1,2926,B660902,495,TROVOADA DO RIBEIRÃO BONITO,FÊMEA,14/09/2023,7,B396137,FANTÁSTICO DE SÃO PEDRO,B345145,GRAÚNA DO RIBEIRÃO BONITO,ARISON JUNG,
Morfologia Expointer,2026,1,2927,B660897,492,TRINIDAD DO RIBEIRÃO BONITO,FÊMEA,09/09/2023,7,B460174,BASCO BANDIDO,B315443,DEL SIETE ROSETA,ARISON JUNG,
Morfologia Expointer,2026,1,2928,B667368,1947,BASCA LINGUA DE SOGRA,FÊMEA,04/09/2023,9,B540178,BASCO ENCANTO,B512791,BASCA DEDO DE MOÇA,MARIANA FRANCO TELLECHEA E FILHOS,
Morfologia Expointer,2026,1,2929,B662069,69,KRISTAL DA CVC,FÊMEA,31/08/2023,9,B560125,AS MALKE HECHO A MANO,B532845,ESMERALDA DA CVC,LEONARDO MARTINS GARCIA,
Morfologia Expointer,2026,1,2930,B665657,2404,GAP REINA,FÊMEA,27/08/2023,7,B396137,"FANTÁSTICO DE
SÃO PEDRO",B524040,IPANEMA DA GAP SÃO PEDRO-TE,PARCERIA GAP GENÉTICA,
Morfologia Expointer,2026,1,2931,B662271,429,HARMONIA DE QUARACI,FÊMEA,12/08/2023,8,B591910,DAKOTA DE QUARACI - TE,B516190,ANGERONA DE QUARACI,ROSALIE TAVARES NEGRINI JONES,
Morfologia Expointer,2026,1,2932,B670148,64,MIMOSA DA KAYGANGUE,FÊMEA,30/07/2023,9,B226846,BUENAÇO DA MAIOR,B527863,FAMILIA DA KAYGANGUE,VINICIUS RONCAGLIO,
Morfologia Expointer,2026,1,2933,B665288,1927,BASCA JADE-TE,FÊMEA,12/03/2023,7,B396137,"FANTÁSTICO DE
SÃO PEDRO",B478886,BASCA CONSTÂNCIA,MARIANA FRANCO TELLECHEA E FILHOS,
Morfologia Expointer,2026,1,2934,B639633,06,ATREVIDA DA BOAVENTURA,FÊMEA,18/02/2023,7,B372116,SEDUTOR TUPAMBAÉ,B314899,MAÑANA DO PONTAL,EDUARDO AUGUSTO PEREIRA DE MENEZES FILHO,
Morfologia Expointer,2026,1,2935,B641149,182,CERRO CAMPERO RAINHA,FÊMEA,10/02/2023,8,B503936,MANO A MANO DO RAUNA,B393265,CERRO CAMPERO GRALHA AZUL,GIULIANNO CHEMIN SPRÉA,
Morfologia Expointer,2026,1,2936,B644664,836,TRÊS F REINA,FÊMEA,23/01/2023,6,B409696,BASCO VENENO,B374641,TRÊS F ESTRELA GUIA,JORGE TERRA DE FIGUEIREDO E IRMÃS,
Morfologia Expointer,2026,1,2937,B650696,58,JABOTICABA DA BARRA FUNDA,FÊMEA,17/01/2023,9,B548696,JACINTO CALA BASSA- TE,B483455,DORALICE 05 DO BREDA,ROBERTO ARAÚJO DIEDRICH,
Morfologia Expointer,2026,1,2938,B655303,752,KT JOIA,FÊMEA,06/01/2023,7,B548696,JACINTO CALA BASSA- TE,B328192,KT TRINCA,"ALFREDO,GUILHERME E DIEGO TELLECHEA",
Morfologia Expointer,2026,1,2939,B642497,408,GRIMBEL DE QUARACI,FÊMEA,04/01/2023,8,B540444,BUENO DE QUARACI,B569350,CRISTALINA DE QUARACI-TE,ROSALIE TAVARES NEGRINI JONES,
Morfologia Expointer,2026,1,2940,B642489,422,GAMARRA DE QUARACI,FÊMEA,01/01/2023,7,B395777,JA MATE AMARGO,B383083,BÁRBARA DOS CASTANHEIROS,ROSALIE TAVARES NEGRINI JONES,
Morfologia Expointer,2026,1,2941,B669092,1968,CHUVA DE PRATA DA RECONQUISTA,FÊMEA,30/12/2022,6,B506136,QUERO INVIDO DA RECONQUISTA,B443237,OTRA HIJA DA RECONQUISTA,MARCELO TELLECHEA CAIROLI,
Morfologia Expointer,2026,1,2942,B647984,09,BRISA DA GRITO DE LIBERDADE,FÊMEA,24/12/2022,7,B409696,BASCO VENENO,B476763,HMR JOIA AZUL,GRITO DE LIBERDADE,
Morfologia Expointer,2026,1,2943,B648378,104,OLIVIA DA KITA,FÊMEA,20/12/2022,8,B530664,CHAMAMÉ NOCHERO,B462197,LA QUIMERA,HENRIQUE DE OLIVEIRA,
Morfologia Expointer,2026,1,2944,B641698,288,HERANÇA DA FAMA,FÊMEA,12/12/2022,7,B372116,SEDUTOR TUPAMBAÉ,B302539,QUEIMADA DA FAMA,FABIANO MATTER E ROBINSON MENEGON,
Morfologia Expointer,2026,1,2945,B689219,458,SANTA AUGUSTA UNDURRAGA,FÊMEA,12/12/2022,7,B472474,BASCO BORRACHERO,B487633,ROSÁRIO QUERIDONA,GUILHERME E FERNANDO VASCONCELLOS,
Morfologia Expointer,2026,1,2946,B657119,1891,BASCA JOQUEADA,FÊMEA,11/12/2022,7,B226846,BUENAÇO DA MAIOR,B572448,RZ NOCHE NEGRA DA DA CARAPUÇA-TE,MARIANA FRANCO TELLECHEA E FILHOS,
Morfologia Expointer,2026,1,2947,B645932,1422,FAGULHA DA BOA VISTA,FÊMEA,30/11/2022,8,B514288,XEQUE MATE DA BOA VISTA,B413464,CORDILHEIRA DA ESCOLHIDA,FAZENDA BOA VISTA,
Morfologia Expointer,2026,1,2948,B651968,1603,RE UMA E OUTRA,FÊMEA,30/11/2022,7,B616747,DEL OESTE ZORRINO,B591193,RE PATATIVA,EVALDO FRANCISCO DA ROSA,
Morfologia Expointer,2026,1,2949,B692535,45,SACRAPALMA BARONESA,FÊMEA,27/11/2022,7,B438313,KT AMANHECER,B372233,HERMOSURA DA DONA SILVINA,CABANHA SACRAPALMA,
Morfologia Expointer,2026,1,2950,B641068,483,SANGRIA DO RIBEIRÃO BONITO,FÊMEA,25/11/2022,6,B460174,BASCO BANDIDO,B464720,JACUTINGA DO RIBEIRÃO BONITO,ARISON JUNG EXPOSITOR: ARISON JUNG,
Morfologia Expointer,2026,1,2951,B651416,134,UNA FIESTA DA RAUNA,FÊMEA,22/11/2022,8,B503936,MANO A MANO DO RAUNA,B410164,PO FIESTA PÁTRIA,RAFAEL AUGUSTO DO NASCIMENTO,
Morfologia Expointer,2026,1,2952,B648012,1595,RE UMA JÓIA,FÊMEA,21/11/2022,6,B616747,DEL OESTE ZORRINO,B347121,MARCONI ITALIANA,EVALDO FRANCISCO DA ROSA,
Morfologia Expointer,2026,1,2953,B651956,1593,RE UMA GAROA,FÊMEA,20/11/2022,6,B616747,DEL OESTE ZORRINO,B348737,RE GAROA COM VENTO,EVALDO FRANCISCO DA ROSA,
Morfologia Expointer,2026,1,2954,B649492,415,QUE ÍNDIA DA FAZFAR,FÊMEA,15/11/2022,6,B231887,ÍNDIO DO BOEIRO,B454878,PÁTRIA CHICA DA RECONQUISTA,RICARDO PINTO FARIA E OUTRO,
Morfologia Expointer,2026,1,2955,B644183,1412,FACEIRA DA BOA VISTA,FÊMEA,13/11/2022,8,B514288,XEQUE MATE DA BOA VISTA,B400567,JACUTINGA DA MAIOR,FAZENDA BOA VISTA,
Morfologia Expointer,2026,1,2956,B643766,1046,NATASHA DOS CASTANHEIROS,FÊMEA,07/11/2022,6,B617811,DEL OESTE FIERRO,B407988,CHIMARRITA DOS CASTANHEIROS,MIGUEL E RODRIGO SCARPELLINI CAMPOS,
Morfologia Expointer,2026,1,2957,B643929,430,RAINHA DO PASSO FUNDO,FÊMEA,30/10/2022,7,B464026,SANTA ALICE POSTEIRO,B447252,RELÍQUIA DO PASSO FUNDO-TE,EVARISTO TAGLIARI NETO,
Morfologia Expointer,2026,1,2958,B655309,632,BAIONETA MAPOCHO-TE,FÊMEA,28/10/2022,8,B530664,CHAMAMÉ NOCHERO,B593687,XISPA MAPOCHO-TE,SÉRGIO SANTOS SANT´ANNA E FILHAS,
Morfologia Expointer,2026,1,2959,B653918,2351,GAP QUERÊNCIA,FÊMEA,19/10/2022,7,B396137,FANTÁSTICO DE SÃO PEDRO,B396532,FUZARCA DE SÃO PEDRO,PARCERIA GAP GENÉTICA,
Morfologia Expointer,2026,1,2960,B652720,413,MAIS UMA TRAVESSURA,FÊMEA,18/10/2022,8,B480453,MAIS UM MAGISTRADO,B533583,MAIS UMA OGIVA,CLAUDIO OMAR DE ALMEIDA,
Morfologia Expointer,2026,1,2961,B666590,814,TRÊS F QUERÊNCIA II,FÊMEA,14/10/2022,9,B528898,CAMPANA FAÇO GOSTO,B464834,TRÊS F HENRIQUETA,JORGE TERRA DE FIGUEIREDO E IRMÃS,
Morfologia Expointer,2026,1,2962,B652055,1843,BASCA JACARTA,FÊMEA,12/10/2022,6,B617811,DEL OESTE FIERRO,B405588,BASCA VALPA,MARIANA FRANCO TELLECHEA E FILHOS,
Morfologia Expointer,2026,1,2963,B653913,2331,GAP QUEBRA LUZ,FÊMEA,03/10/2022,7,B396137,FANTÁSTICO DE SÃO PEDRO,B426291,GARRA DE SÃO PEDRO,PARCERIA GAP GENÉTICA,
Morfologia Expointer,2026,1,2964,B645610,215,IMAGEM DE SANTA LARISSA,FÊMEA,28/09/2022,7,B396137,FANTÁSTICO DE SÃO PEDRO,B349802,FANFARRA DA MAYA,LUIZ KENDY MAEDA,
Morfologia Expointer,2026,1,2965,B643848,402,TEQUILA DA TAIMÃ,FÊMEA,18/09/2022,8,B587123,QUEBRACHO DA TAIMÃ-TE,B524974,NAJA DA TAIMÃ,TAIANE LETICIA ZOCCHETTO,
Morfologia Expointer,2026,1,2966,B651078,615,BAETA COLORADA MAPOCHO,FÊMEA,17/09/2022,8,B530664,CHAMAMÉ NOCHERO,B511162,TERNURA MAPOCHO,SÉRGIO SANTOS SANT´ANNA E FILHAS,
Morfologia Expointer,2026,1,2967,B650246,1506,RE UVA MALBEC-TE,FÊMEA,12/09/2022,7,B499447,YANCAMIL CAHUEL,B442538,RE JEITOSA,EVALDO FRANCISCO DA ROSA,
Morfologia Expointer,2026,1,2968,B656452,1378,RAMADA DA QUINTA,FÊMEA,10/09/2022,7,B323696,HILÁRIO DA DOM MANOEL,B374908,ROSA FLOR DA QUINTA,PÉRICLES E DINAH DRUCK,
Morfologia Expointer,2026,1,2969,B645704,1383,FORQUILHA DA BOA VISTA,FÊMEA,09/09/2022,8,B514288,XEQUE MATE DA BOA VISTA,B294093,OPALINA DA BÉZINHA,FAZENDA BOA VISTA,
Morfologia Expointer,2026,1,2970,B640271,117,DUPLO M PUNHALADA,FÊMEA,06/09/2022,7,B396137,FANTÁSTICO DE SÃO PEDRO,B364747,DUPLO M DINASTIA,MAURÍCIO MARIANI,
Morfologia Expointer,2026,1,2971,B651750,352,ZURIANA DA QUITAÚNA,FÊMEA,04/09/2022,6,B252840,FERIADO DE SANTA EDWIGES,B224274,LAS MISIONES LEMBRANÇAS,PAOLA BACCHIN SCHNEIDER,
Morfologia Expointer,2026,1,2972,B652999,786,ULALÁ DA CABANHA SANTA FÉ,FÊMEA,03/09/2022,7,B317108,JA IMPULSO,B506330,HAVAIANA DO PURUNÃ,GILBERTO RODRIGUES DE FREITAS,
Morfologia Expointer,2026,1,2973,B654081,2303,GAP QUIMERA,FÊMEA,03/09/2022,7,B396137,FANTÁSTICO DE SÃO PEDRO,B478946,INTRUSA DA GAP SÃO PEDRO,PARCERIA GAP GENÉTICA,
Morfologia Expointer,2026,1,2974,B648828,372,GUANABARA ADEGA,FÊMEA,30/08/2022,8,B338496,GUANABARA JOÃO DE BARRO,B525494,FACEIRA III DO ITAPORORÓ,LUIZ CARLOS DA SILVA CARVALHO JUNIOR,
Morfologia Expointer,2026,1,2975,B643423,21,FORMOSA DO RINCÃO SEGREDO,FÊMEA,27/08/2022,6,B296959,AS MALKE TORMENTO-TE,B409684,BASCA VANITA,FABIANO HAUSCHILD,
Morfologia Expointer,2026,1,2976,B641069,457,SAGRADA DO RIBEIRÃO BONITO,FÊMEA,12/08/2022,7,B341236,CAMPANA XAQUE,B546806,NEBLINA DO RIBEIRÃO BONITO,ARISON JUNG,
Morfologia Expointer,2026,1,2977,B636504,776,TRINIDAD DA CABANHA SANTA FÉ-TE,FÊMEA,07/02/2022,7,B317108,JA IMPULSO,B185984,JA ANDORINHA,GILBERTO RODRIGUES DE FREITAS,
Morfologia Expointer,2026,1,2978,B624531,108,OBRA PRIMA DA PEDRA REDONDA,FÊMEA,19/01/2022,8,B269661,AS MALKE SEDUTOR-TE,B549856,JARARACA DA PEDRA REDONDA,LUIZ FERNANDO EMMEL,
Morfologia Expointer,2026,1,2979,B633822,721,KT IPIRANGA,FÊMEA,06/01/2022,7,B438313,KT AMANHECER,B354889,KT UTOPIA,"ALFREDO,GUILHERME E DIEGO TELLECHEA",
Morfologia Expointer,2026,1,2980,B622230,99,NIRVANA 99 NOMBRADO,FÊMEA,24/12/2021,7,B372116,SEDUTOR TUPAMBAÉ,B273859,DELICADA DA TAIMÃ,GABRIELA ZANCANARO,
Morfologia Expointer,2026,1,2981,B618462,46,CRK IPIRANGA,FÊMEA,13/12/2021,6,B409696,BASCO VENENO,B268898,KW BARONESA,CRISTIAN RODRIGO KLEIN,
Morfologia Expointer,2026,1,2982,B636398,1468,RE TINAJERA-TE,FÊMEA,13/12/2021,7,B499447,YANCAMIL CAHUEL,B442538,RE JEITOSA,EVALDO FRANCISCO DA ROSA,
Morfologia Expointer,2026,1,2983,B618125,694,MARCONI UTOPIA,FÊMEA,07/12/2021,8,B514288,XEQUE MATE DA BOA VISTA,B442078,JEITOSA DA PÉROLA NEGRA,ALEXANDRE ESPINDOLA ARAÚJO,
Morfologia Expointer,2026,1,2984,B623806,205,HIJA DE LA LUNA DE SANTA LARISSA,FÊMEA,06/12/2021,7,B536061,YANCA INTENDENTE,B542314,SANTA LARISSA DESENVUELTA,LUIZ KENDY MAEDA,
Morfologia Expointer,2026,1,2985,B619557,97,LEM OCASION,FÊMEA,03/12/2021,8,B514288,XEQUE MATE DA BOA VISTA,B263259,BT VALESCA,LUIZ EDUARDO MEHL,
Morfologia Expointer,2026,1,2986,B624130,39,VÁRZEA GRANDE ATACAMA,FÊMEA,20/11/2021,6,B460130,BASCO BALUARTE,B442762,VÁRZEA GRANDE PELEADORA,LUCIANO AMARAL PATELLA,
Morfologia Expointer,2026,1,2987,B632322,1389,JA VINGANÇA,FÊMEA,14/11/2021,8,B547996,JA QUIXOTE,B547488,JA QUEDA DE BRAÇO-TE,JOSÉ ANTONIO ANZANELLO,
Morfologia Expointer,2026,1,2988,B631571,503,INVERNADA DO AMANHECER,FÊMEA,18/10/2021,8,B569132,FEITIÇO DO AMANHECER,B506228,DISCRETA DO AMANHECER,FÁBIO BELLOTTI MOURA,
Morfologia Expointer,2026,1,2989,B644631,2195,RZ CAMPONESA DA CARAPUÇA,FÊMEA,15/10/2021,7,B201279,AQUI ESTOY DA SANTA JUVITA,B481211,BASCA CONFIANÇA,RUBENS ELIAS ZOGBI,
Morfologia Expointer,2026,1,2990,B644781,2181,RZ CARA BRANCA DA CARAPUÇA,FÊMEA,02/10/2021,6,B536061,YANCA INTENDENTE,B303089,RZ ÁGUA MARINHA DA CARAPUÇA,RUBENS ELIAS ZOGBI,
Morfologia Expointer,2026,1,2991,B628097,110,GURIA GAUCHA DE LAS BUENAS,FÊMEA,26/09/2021,9,B509618,JALISCO DA GAP SÃO PEDRO,B321091,DAMA NEGRA II DA QUINTA,LUIS CARLOS KOCZKODAY,
Morfologia Expointer,2026,1,2992,B627288,556,RELÍQUIA DA TAMAREIRA-TE,FÊMEA,28/08/2021,8,B371076,JA LIBERTADOR,B232437,PRINCESA DO ITAPORORÓ,CARLA F. MUSA / ONÉCIO SILVEIRA PRADO JR,
Morfologia Expointer,2026,1,2993,B629782,86,LEM OPERA,FÊMEA,27/08/2021,6,B335063,LEMA DA RECONQUISTA,B317725,AURORA DO PURUNÃ,LUIZ EDUARDO MEHL,
Morfologia Expointer,2026,1,2994,B618470,184,CRC POR UNA ENCANTADA,FÊMEA,26/08/2021,7,B409696,"UNA ENCANTADA
R.P. 184, B618470, NMGC 7, NASC 26/08/2021, FEMEA, COLORADA, POR BASCO VENENO",B367784,CRC ENCANTADA,"RODRIGO, ADEMAR E MARIO CASTELLI",
Morfologia Expointer,2026,1,2995,B614782,53,KIRA DA PARNASSA -TE,FÊMEA,09/01/2021,8,B409696,BASCO VENENO,B369925,REGALONA DE SANTA MARGARIDA,LUÍS FERNANDO MARTINEZ PEREIRA,
Morfologia Expointer,2026,1,2996,B624051,186,CANHAFÉ QUINTA ESSENCIA,FÊMEA,15/12/2020,7,B349886,NIAZZI IMPROVISO,B430343,JUSTIÇA DO MACANUDO,FLAVIANO JUNIOR SAIBRO,
Morfologia Expointer,2026,1,2997,B608753,2144,GAP ÓPERA,FÊMEA,08/10/2020,7,B396137,FANTÁSTICO DE SÃO PEDRO,B350012,DESCOBERTA DE SÃO PEDRO,EDUARDO MACEDO LINHARES,
Morfologia Expointer,2026,1,2998,B601682,174,BELLE RESERVA,FÊMEA,06/10/2020,7,B152241,BUTIÁ OLODUM,B374287,BELLE HERDEIRA,ELIZABETH LEMANSKI,
Morfologia Expointer,2026,1,2999,B631587,1250,DINASTIA DA BOA VISTA,FÊMEA,30/09/2020,8,B514288,XEQUE MATE DA BOA VISTA,B400567,JACUTINGA DA MAIOR,FAZENDA BOA VISTA,
Morfologia Expointer,2026,1,3000,B602704,645,MARCONI TATUAGEM,FÊMEA,27/09/2020,8,B514288,XEQUE MATE DA BOA VISTA,B398940,IDOLATRADA DA PÉROLA NEGRA,ALEXANDRE ESPINDOLA ARAÚJO,
Morfologia Expointer,2026,1,3001,B606186,1553,BASCA HAVANA II,FÊMEA,17/09/2020,7,B243062,BASCO ONÁSSIS,B460098,BASCA BAHIA BLANCA,MARIANA FRANCO TELLECHEA E FILHOS,
Morfologia Expointer,2026,1,3002,B609081,94,LA PÁTRIA AUTÊNTICA,FÊMEA,14/09/2020,7,B396137,FANTÁSTICO DE SÃO PEDRO,B370301,EULÁLIA DE SÃO PEDRO,RODRIGO CASTELLARIN FIALHO,
Morfologia Expointer,2026,1,3003,B597465,353,CARA PAMPA DA BÉZINHA,FÊMEA,12/09/2020,8,B514288,XEQUE MATE DA BOA VISTA,B273728,"NOZ MOSCADA DA
BÉZINHA",PAULO ROBERTO BORGES SILVEIRA,
Morfologia Expointer,2026,1,3004,B579938,481,LA CASTELLANA QUEBRA-BANCA,FÊMEA,03/01/2020,7,B192264,MATREIRO DO ITAPORORÓ,B210367,JULIETA DO TRINTA E OITO,MARCELO AMARAL MORAES,
Morfologia Expointer,2026,1,3005,B593508,2100,GAP NAJA,FÊMEA,11/12/2019,7,B396137,FANTÁSTICO DE SÃO PEDRO,B524040,IPANEMA DA GAP SÃO PEDRO-TE,EDUARDO MACEDO LINHARES,
Morfologia Expointer,2026,1,3006,B592934,750,ZELADORA DO LISCANO-TE,FÊMEA,18/11/2019,6,B269661,AS MALKE SEDUTOR- TE,B231888,INÉDITA DO BOEIRO,PIETRO E GIULIANO PEREIRA ZANETTI,
Morfologia Expointer,2026,1,3007,B585534,893,HARMONIA DO ITAÓ,FÊMEA,14/10/2019,7,B395777,JA MATE AMARGO,B453131,CARTILHA DO ITAÓ,CÁSSIO SOUZA BONOTTO,
Morfologia Expointer,2026,1,3008,B558718,407,LINDA DE FATO D'LOS BRITTES,FÊMEA,23/11/2018,7,B424219,GUACHIGO NO TE ACHIQUES,B400020,PAOLA DO CERRO FRIO,PAULO RICARDO CAMBOIM BRITTES,
Morfologia Expointer,2026,1,3009,B562971,1265,BASCA FIESTA GAÚCHA,FÊMEA,17/09/2018,7,B296959,AS MALKE TORMENTO-TE,B306463,BT BOMBONERA,MARIANA FRANCO TELLECHEA E FILHOS,
Morfologia Expointer,2026,1,3010,B554048,132,PÁTRIA GAUCHA II DO MORRO CHATO,FÊMEA,19/01/2018,7,B379669,ABRAÇO DO CAMBOIM,B453373,BADERNA DA EFJ,MARLUS ARRUDA SILVA,
Morfologia Expointer,2026,1,3011,B540446,162,BENILDE DE QUARACI,FÊMEA,21/12/2017,7,B468031,AQUILES DE QUARACI,B454497,AFRODITE DE QUARACI,ROSALIE TAVARES NEGRINI JONES,
Morfologia Expointer,2026,1,3012,B536024,1275,AS MALKE GLÓRIA,FÊMEA,08/12/2017,6,B269661,AS MALKE SEDUTOR-TE,B175007,AS MALKE LANÇA,JOSÉ SCHUTZ SCHWANCK,
Morfologia Expointer,2026,1,3013,B537246,60,LA PÁTRIA TRANQUERA,FÊMEA,27/10/2017,7,B396137,FANTÁSTICO DE SÃO PEDRO,B389852,LA PÁTRIA CARQUEJA,RODRIGO CASTELLARIN FIALHO,
Morfologia Expointer,2026,1,3014,B527149,1000,ZARCA DA BOA VISTA,FÊMEA,07/11/2016,6,B395748,JA MAFIOSO,B317554,QUEIMA ROUPA DA BOA VISTA,FAZENDA BOA VISTA,
Morfologia Expointer,2026,1,3015,B512852,1050,BASCA DE LA REINA,FÊMEA,06/11/2016,5,B243062,BASCO ONÁSSIS,B263233,BASCA PRINCESA,MARIANA FRANCO TELLECHEA E FILHOS,
Morfologia Expointer,2026,1,3016,B504970,754,ORGULHOSA II DO MACANUDO,FÊMEA,01/11/2016,7,B349886,NIAZZI IMPROVISO,B235103,ALTANEIRA DO MACANUDO,MAURO E TELMO FERREIRA,
Morfologia Expointer,2026,1,3017,B518335,1528,INSPIRADA CALA BASSA,FÊMEA,17/10/2016,6,B317538,QUEBRACHO DA BOA VISTA,B389631,COMENDA CALA BASSA,MARCELO REZENDE MÓGLIA,
Final Freio de Ouro,2025,1,01,,,LOS FEDERALES TRANQUILA,FÊMEA,31/12/2019,0,,,,,REVIRSA S.A,20.560
Final Freio de Ouro,2025,1,02,B579565,1503,BASCA GROSELHA-TE,FÊMEA,25/12/2019,8,B467678,GOLILLA PATRON,B447014,BASCA AMORA,MARIANA FRANCO TELLECHEA E FILHOS,19.778
Final Freio de Ouro,2025,1,03,B593508,2100,GAP NAJA,FÊMEA,11/12/2019,7,B396137,FANTÁSTICO DE SÃO PEDRO,B524040,IPANEMA DA GAP SÃO PEDRO-TE,EDUARDO MACEDO LINHARES,19.480
Final Freio de Ouro,2025,1,04,B608472,42,ESTRELA DA GADARIA,FÊMEA,27/11/2019,7,B089484,DOM CARRASCO DO PURUNÃ,B444701,IEMANJÁ 1472 MAUFER-TE,DANILO GONÇALVES MONTEIRO,18.528
Final Freio de Ouro,2025,1,05,,,JAGUEL UNA REINA,FÊMEA,18/11/2019,0,,,D0080351,JAGUEL NEVIZCA,GREEN BELT S.A.,18.959
Final Freio de Ouro,2025,1,06,B580822,58,LEM MUSA,FÊMEA,08/11/2019,6,B403335,INQUISITOR 1490 MAUFER,B191781,DESCOBERTA DO RINCÃO DAS HORTÊNCIAS,LUIZ EDUARDO MEHL,19.923
Final Freio de Ouro,2025,1,07,B588152,104,FASCINAÇÃO DA MELODIA,FÊMEA,07/11/2019,7,B422617,QUERENDON DO RECANTO CRIOULO,B391567,CIGANA DA MELODIA,RENARO CARDOSO DOS SANTOS,19.510
Final Freio de Ouro,2025,1,08,B580066,163,BELLE QUE BELA,FÊMEA,05/11/2019,5,B152241,BUTIÁ OLODUM,B311476,DELICADA DA MAYA,ELIZABETH LEMANSKI,19.140
Final Freio de Ouro,2025,1,09,,,YANCA NODRIZA,FÊMEA,24/10/2019,0,,,,,YANCAMIL S.A,19.824
Final Freio de Ouro,2025,1,10,B637529,2578,CAPANEGRA ESPADA LATINA,FÊMEA,19/10/2019,8,B256395,SENDERO CANTEADO,B345430,CAPANEGRA RUMBA LATINA,FERNANDO DORNELLES PONS,19.175
Final Freio de Ouro,2025,1,11,B594494,300,BARONEZA DOS TRÊS PINHAIS-TE,FÊMEA,14/10/2019,6,B286464,MOIRÃO DOS TRÊS PINHAIS,B469524,TENÊNCIA DOS TRÊS PINHAIS,VILSON AOZANE BILIBIO,19.319
Final Freio de Ouro,2025,1,12,B582389,15,LJG MILONGUITA BRAVA,FÊMEA,27/09/2019,7,B234496,LOS HERMANOS CIMARRON,B283444,DAMA 800 MAUFER,JARBAS RICARDO MUNHOZ GARCIA,19.581
Final Freio de Ouro,2025,1,13,B615961,808,JULIANA DOS CASTANHEIROS,FÊMEA,30/08/2019,6,B434818,DEFENSOR DOS CASTANHEIROS,B353108,ANASTÁCIA DOS CASTANHEIROS,MIGUEL E RODRIGO SCARPELLINI CAMPOS,19.082
Final Freio de Ouro,2025,1,14,B558830,101,VELHO DINO FINA FLOR,FÊMEA,19/12/2018,7,B137740,GANADERO DA HARMONIA,B300269,JARARACA DA CHARQUEADA,ROBERTO BRUM SACCO,20.756
Final Freio de Ouro,2025,1,15,B565893,95,ENSENADA DA MELODIA,FÊMEA,14/11/2018,7,B201279,AQUI ESTOY DA SANTA JUVITA,B185218,ALEGRIA CHARRUA,RENARO CARDOSO DOS SANTOS,20.547
Final Freio de Ouro,2025,1,16,B566811,95,CAWALL ORQUÍDEA,FÊMEA,10/11/2018,7,B318830,TCHÊ LOCO DO INFINITO,B253451,TECA 2106 DE SANTO ANGELO,CARLOS ALBERTO GARCIA VIEIRA,19.375
Final Freio de Ouro,2025,1,17,B559393,410,ODILO APOSTA,FÊMEA,04/11/2018,6,B166372,FAVORITO DA BOA VISTA,B370550,ODILO IGUALITA,GILBERTO GONÇALVES,19.274
Final Freio de Ouro,2025,1,18,B618206,297,SAN FERNANDINA DINASTIA,FÊMEA,30/10/2018,7,B274076,ESTILHAÇO DO CAÇADOR,B332868,SAN FERNANDINA QUESUERTE,CUSTÓDIO LUIZ MOREIRA MAGALHÃES,18.503
Final Freio de Ouro,2025,1,19,B569978,534,QUELINDA DA CABANHA SANTA FÉ,FÊMEA,28/10/2018,7,B317108,JA IMPULSO,B178133,GAROA DA BOA VISTA,GILBERTO RODRIGUES DE FREITAS,19.735
Final Freio de Ouro,2025,1,20,,,YUBELY ALABAMA,FÊMEA,23/10/2018,0,B401349,DELFIM DO PURUNÃ,D0041271,R.M PICANTE,CESAR ANDRES MUSSELLI BENEDETTO,18.278
Final Freio de Ouro,2025,1,21,B562821,454,JEITOSA DA 3J,FÊMEA,08/10/2018,6,B321237,"ABRE CANCHA DA
3J",B344553,BAGUNÇA DA 3J,PARCERIA ANDRADE LIMA,19.612
Final Freio de Ouro,2025,1,22,B553847,979,TEMPESxTADE CHARRUA,FÊMEA,29/09/2018,7,B201279,AQUI ESTOY DA SANTA JUVITA,B223976,DONA DA CAPA CHARRUA,JOÃO ROUGET PÉREZ WREGE,20.389
Final Freio de Ouro,2025,1,23,B549927,755,DOMINGUEIRA DO RECANTO,FÊMEA,20/01/2018,6,B137740,GANADERO DA HARMONIA,B206563,NUVEM NEGRA DO RECANTO,SUCESSÃO CARLOS ALBERTO RUIZ SEVERO,20.619
Final Freio de Ouro,2025,1,24,B543803,233,GUARITA GODIVA,FÊMEA,16/01/2018,5,B152241,BUTIÁ OLODUM,B216522,CARMEN ADMIRACIÓN,LUÍZ CARLOS ARDENGHY SOBRINHO E FILHOS,20.257
Final Freio de Ouro,2025,1,25,,,INDIA ENVENENADA DEL CHAMAME,FÊMEA,28/12/2017,0,B409696,BASCO VENENO,D0092001,INDIECITA DEL CHAMAME,TOMAS Y MARTIN GURMENDEZ MARQUEZ,19.678
Final Freio de Ouro,2025,1,26,B533609,705,MOROCHA DA SANTA EULÁLIA,FÊMEA,22/12/2017,7,B369148,AS MALKE ATREVIDO,B336537,GUANABARA JARARACA,JOAQUIM FRANCISCO B.DE ASSUMPÇÃO MELLO,20.257
Final Freio de Ouro,2025,1,27,B551248,928,OBRA-PRIMA DA VENDRAMIN,FÊMEA,20/12/2017,8,B274574,EXCELENTÍSSIMO DO CAÇADOR,B400941,ITALIANITA DA VENDRAMIN,ALDO VENDRAMIN,19.298
Final Freio de Ouro,2025,1,28,B536024,1275,AS MALKE GLÓRIA,FÊMEA,08/12/2017,6,B269661,AS MALKE SEDUTOR-TE,B175007,AS MALKE LANÇA,JOSÉ SCHUTZ SCHWANCK,19.638
Final Freio de Ouro,2025,1,29,B541842,205,CACHIMBO PIPOCA 205,FÊMEA,13/11/2017,8,B280462,SARGENTO DO ITAPORORÓ,B244892,PIPOCA 38 DO GUAPITANGUI,LUIZ MARTINS BASTOS NETO,18.581
Final Freio de Ouro,2025,1,30,B532414,953,SORTE LINDA CHARRUA,FÊMEA,08/11/2017,9,B311023,LAS CALLANAS MIL RAZONES-TE,B277616,ESPORA CRIOULO,JOÃO ROUGET PÉREZ WREGE,19.384
Final Freio de Ouro,2025,1,31,B546884,187,SANTA AUGUSTA PAMPEANA,FÊMEA,01/11/2017,6,B472474,BASCO BORRACHERO,B401918,SANTA ALICINDA JAGUATIRICA,FERNANDO E GUILHERME VASCONCELLOS,19.448
Final Freio de Ouro,2025,1,32,B539100,540,OFERENDA DA TAMANCA,FÊMEA,26/10/2017,6,B101899,CHICÃO DE SANTA ODESSA,B269321,CAMPANA TARIMBERA,LAURO CARDOSO TERRA E FILHOS,19.660
Final Freio de Ouro,2025,1,33,B529153,28,HEROÍNA DO AÇUNGUI,FÊMEA,21/10/2017,8,B274420,VINGADOR DO PURUNÃ,B292743,AS MALKE TANDA,LUIZ ERNESTO WENDLER E FILHOS,18.845
Final Freio de Ouro,2025,1,34,B537243,63,LA PÁTRIA TRANCA,FÊMEA,18/10/2017,7,B396137,"FANTÁSTICO DE
SÃO PEDRO",B397254,LA PÁTRIA LUA CHEIA,RODRIGO CASTELLARIN FIALHO,21.307
Final Freio de Ouro,2025,1,35,B542544,383,ODILO CANÁRIA,FÊMEA,09/10/2017,5,B089484,DOM CARRASCO DO PURUNÃ,B178193,ODILO DELE BOCA,GILBERTO GONÇALVES,18.955
Final Freio de Ouro,2025,1,36,B535835,163,SAUDADES HIJA BUENA,FÊMEA,18/09/2017,8,B280462,SARGENTO DO ITAPORORÓ,B299840,SENDERO ESBELTA,ADRIANA BECK NESSI/CLEBER RANGEL TODERO,19.062
Final Freio de Ouro,2025,1,37,B549896,992,SANTA ALICE SINHA MOÇA,FÊMEA,13/09/2017,6,B137740,GANADERO DA HARMONIA,B152271,SANTA ALICE SERENATA,MARCELO BOMFIGLIO MARÇAL,19.943
Final Freio de Ouro,2025,1,38,B529155,26,HARMONIA DO AÇUNGUI,FÊMEA,20/08/2017,7,B209748,REAL INVIDO DO PURUNÃ,B224847,SUNTUOSA DO PURUNÃ,LUIZ ERNESTO WENDLER E FILHOS,20.696
Final Freio de Ouro,2025,1,39,B504500,452,HARMONIA ESCARAMUÇA,FÊMEA,23/12/2016,5,B146172,BT LUCERO,B296144,GARDÊNIA DO ELEBÊ,HARMONIA AGRICULTURA E PECUÁRIA LTDA.,20.089
Final Freio de Ouro,2025,1,40,B524286,571,NEBLINA DAS TRÊS LAGOAS,FÊMEA,18/12/2016,6,B116468,NEVOEIRO DE SANTO ANGELO,B339452,FLOR DE LIZ DAS TRÊS LAGOAS,PAULO JOSÉ SAIBRO FERREIRA,18.207
Final Freio de Ouro,2025,1,41,B507329,1619,QUIMERA DE SANTA EDWIGES,FÊMEA,26/11/2016,7,B395777,JA MATE AMARGO,B252845,FELICIDADE DE SANTA EDWIGES,DANIEL ANZANELLO,20.123
Final Freio de Ouro,2025,1,42,B521219,418,OITAVA RIMA DA CABANHA SANTA FÉ,FÊMEA,17/11/2016,7,B317108,JA IMPULSO,B279287,ELITE DA CABANHA SANTA FÉ,GILBERTO RODRIGUES DE FREITAS,19.836
Final Freio de Ouro,2025,1,43,B527149,1000,ZARCA DA BOA VISTA,FÊMEA,07/11/2016,6,B395748,JA MAFIOSO,B317554,QUEIMA ROUPA DA BOA VISTA,FAZENDA BOA VISTA,19.606
Final Freio de Ouro,2025,1,44,B480792,72,NH FORASTEIRA,FÊMEA,10/10/2015,5,B430234,NH BANDIDO,B179093,OLGA DO PURUNÃ,VALDECIR JOSÉ KÖHLER,19.419
Final Freio de Ouro,2025,1,45,B494692,557,SORTE GRANDE DO RECANTO CRIOULO,FÊMEA,30/09/2015,6,B262648,MAÑANERO MANICERO,B153700,HEGIRA DA VILA VELHA,ADELMO HESS,19.181
Final Freio de Ouro,2025,1,46,B476994,14,JASMINE DA NORTEÑA,FÊMEA,11/12/2014,6,B260462,RAIO DE SANTA ODESSA,B202023,LS LOCA DE BUENA,ROMEU KOCH,19.422
Final Freio de Ouro,2025,1,47,B434006,197,A LO LARGO HAVANA,FÊMEA,10/10/2013,6,B257791,PIRAÍ 1630 DO SENHOR,B257817,A LO LARGO ALTANEIRA,PÉRICLES P.DRUCK E PAULO ROBERTO SOUTO,18.538
Final Freio de Ouro,2025,1,48,B411022,68,EN FESTA DO CAPATAZ,FÊMEA,02/10/2012,5,B241261,CADEJO DA MAIOR,B171730,VODGA DO PINHAL,GUILHERME JAUREGUY DA FONTOURA,19.033
Final Freio de Ouro,2025,1,49,,,RELAMPAGO DEL MAVIAL,MACHO,26/12/2020,0,B137740,GANADERO DA HARMONIA,D0076692,CONSTANCIA CLERIN 1271,ALEXIS PEREZ MOREIRA,18.371
Final Freio de Ouro,2025,1,50,B609800,937,LEMA DOS CASTANHEIROS-TE,MACHO,25/12/2020,9,B422617,QUERENDON DO RECANTO CRIOULO,B443609,DESAVENÇA DOS CASTANHEIROS,MIGUEL E RODRIGO SCARPELLINI CAMPOS,18.708
Final Freio de Ouro,2025,1,51,B607821,0504,SERTÃO DA MAIOR-TE,MACHO,07/12/2020,8,B401915,JOTACE AMULETO,B267674,MAÑANERO DICHOSA,LAURO VARELA MARTINS,18.142
Final Freio de Ouro,2025,1,52,B612055,209,JQ QUARTEL GENERAL,MACHO,08/11/2020,6,B371076,JA LIBERTADOR,B448027,JQ JÓIA RARA,EDMOND CHAKER FARHAT JÚNIOR,20.336
Final Freio de Ouro,2025,1,53,B629333,93,RINCÃO DA ESTÂNCIA VELHA,MACHO,15/10/2020,7,B137740,GANADERO DA HARMONIA,B283150,AUDACIOSA DE SANTA ADÉLIA,EDUARDO GOULART E MATEUS SILVEIRA,19.086
Final Freio de Ouro,2025,1,54,B610154,2145,GAP ORIGINAL,MACHO,08/10/2020,7,B396137,FANTÁSTICO DE SÃO PEDRO,B478946,INTRUSA DA GAP SÃO PEDRO,EDUARDO MACEDO LINHARES,20.178
Final Freio de Ouro,2025,1,55,B586302,474,GUIRITA FALTA ENVIDO-TE,MACHO,23/01/2020,0,B296959,AS MALKE TORMENTO-TE,B327209,ALGAZARRA DA PALMEIRA,LA VICTORIA S.A,19.503
Final Freio de Ouro,2025,1,57,B599465,1971,MOCCATEO CALA BASSA-TE,MACHO,20/11/2019,6,B589655,COLIBRI MATRERO,B353282,CAMBRAIA CALA BASSA,MARCELO REZENDE MÓGLIA,19.044
Final Freio de Ouro,2025,1,58,B577161,273,SANTA TECLA RECUERDO,MACHO,07/11/2019,6,B589655,COLIBRI MATRERO,B271351,SANTA TECLA ESTIMADA,MÁXIMO ANTONIO DEUD E JAMIL DEUD JUNIOR,20.421
Final Freio de Ouro,2025,1,59,B654053,1172,RE RENOMADO,MACHO,05/11/2019,6,B395816,JA MANDA CHUVA,B213954,VESPA 411 MAUFER,EVALDO FRANCISCO DA ROSA,19.534
Final Freio de Ouro,2025,1,60,B591519,1332,FAUSTINO DO INFINITO,MACHO,01/11/2019,7,B367555,VINAGRE DO INFINITO,B318801,TRAMPOSA DO INFINITO,ROBERTO SIDNEY DAVIS JÚNIOR,19.843
Final Freio de Ouro,2025,1,61,B589993,78,DE LOS PAMPAS CAPATAZ,MACHO,30/10/2019,7,B448234,VÁSTAGO TUPAMBAÉ,B479052,BASCA CANTIGA,"RAFAEL, GABRIELA E KAMILLA T.P. SEGAT",19.468
Final Freio de Ouro,2025,1,62,B576905,92,BERRO GROSSO PAMPEANO,MACHO,01/10/2019,8,B319623,FICHERO DO CAPÃO REDONDO,B293190,CAPANEGRA PERGUNTA,RODRIGO ALBUQUERQUE PY,19.179
Final Freio de Ouro,2025,1,63,B594717,587,RINCÃO DA CABANHA SANTA FÉ,MACHO,25/09/2019,7,B317108,JA IMPULSO,B351455,HERDEIRA DA CABANHA SANTA FÉ,GILBERTO RODRIGUES DE FREITAS,20.153
Final Freio de Ouro,2025,1,64,B590093,238,TRAVESSÃO DO OURIÇO,MACHO,23/09/2019,6,B319628,FACON DO CAPÃO REDONDO,B357230,KATIANGA DO OURIÇO,LUIS AUGUSTO WEBER,19.944
Final Freio de Ouro,2025,1,65,B581038,64,MURANO DA SNC,MACHO,20/09/2019,7,B371076,JÁ LIBERTADOR,B512398,JÓIA RARA DA SNC,RENATO ROBERTO JOHANSSON,20.787
Final Freio de Ouro,2025,1,66,B634379,222,CACHIMBO TROVADOR 222-TE,MACHO,19/09/2019,6,B589655,COLIBRI MATRERO,B303367,MOROCHA DE LA MISTERIOSA,LUIZ MARTINS BASTOS NETO,19.864
Final Freio de Ouro,2025,1,67,B579134,1047,SANTA ALICE TACO,MACHO,10/01/2019,6,B464026,SANTA ALICE POSTEIRO,B223604,SANTA ALICE ESQUIVA,MARCELO BOMFIGLIO MARÇAL,19.363
Final Freio de Ouro,2025,1,68,,,WANDA HUE HUINCA,MACHO,27/12/2018,0,B648868,MAQUENA CURANTEADO,,,INDARAS S.A.,18.528
Final Freio de Ouro,2025,1,69,B573942,428,LA CASTELLANA PALESTINO,MACHO,30/11/2018,7,B192264,MATREIRO DO ITAPORORÓ,B427697,HASTA CUANDO DO SALIMAR,MARCELO AMARAL MORAES,18.722
Final Freio de Ouro,2025,1,70,B613280,197,TL OLEO SANTO,MACHO,28/11/2018,6,B137740,GANADERO DA HARMONIA,B157664,OBA DO PAINEL,BRUNO BERWIG TOMBINI,19.109
Final Freio de Ouro,2025,1,71,B665230,303,CARA CARA AÑA CHERA'A,MACHO,17/11/2018,0,B241654,CAPANEGRA MARTIN FIERRO,,,NESTOR OSCAR SIEBER,20.024
Final Freio de Ouro,2025,1,72,B580937,315,LUGANO TAPE-TE,MACHO,09/11/2018,7,B331268,FESTEJO 1061 MAUFER,B499725,GUINDA GANADERA TAPE-TE,ANIBAL E DIEGO TORRES,19.031
Final Freio de Ouro,2025,1,73,,,MANDIL CHAJÁ,MACHO,01/11/2018,0,,,,,MARCELO EDUARDO IRAOLA,18.748
Final Freio de Ouro,2025,1,74,B558297,216,RIVAL DA DOM MANOEL,MACHO,22/10/2018,7,B323696,HILÁRIO DA DOM MANOEL,B272405,TJ AZULEGA,SÉRGIO ROBERTO DA SILVA NUNES,19.117
Final Freio de Ouro,2025,1,75,B569989,519,CAMPEIO DA CABANHA SANTA FÉ,MACHO,03/10/2018,7,B317108,JA IMPULSO,B263920,RAPOSA DO ITAPORORÓ,GILBERTO RODRIGUES DE FREITAS,18.981
Final Freio de Ouro,2025,1,76,B562820,451,JULITO DA 3J,MACHO,24/09/2018,7,B321237,"ABRE CANCHA DA
3J",B422606,ESTA NOCHE DA 3J,PARCERIA ANDRADE LIMA,19.609
Final Freio de Ouro,2025,1,77,B557720,132,BELLE PISTERO,MACHO,14/08/2018,6,B286330,DEL OESTE MUTANTE,B228330,UCHOA DE SÃO PEDRO,ELIZABETH LEMANSKI,19.115
Final Freio de Ouro,2025,1,78,B551238,933,OURO NEGRO DA VENDRAMIN,MACHO,29/12/2017,7,B274574,EXCELENTÍSSIMO DO CAÇADOR,B428471,JOAQUINA DA VENDRAMIN,ALDO VENDRAMIN,19.374
Final Freio de Ouro,2025,1,79,,,ARRAYAN TUERCA 1850-TE,MACHO,25/12/2017,0,B499447,YANCAMIL CAHUEL,,,GUTIERREZ SAPELLI HNOS,19.704
Final Freio de Ouro,2025,1,80,B548696,1726,JACINTO CALA BASSA-TE,MACHO,24/12/2017,6,B269661,AS MALKE SEDUTOR-TE,B389500,DINASTIA CALA BASSA,MARCELO REZENDE MÓGLIA,19.925
Final Freio de Ouro,2025,1,81,B549111,121,NOTÁVEL DA JOGO DE NOBRES,MACHO,20/12/2017,8,B280462,SARGENTO DO ITAPORORÓ,B299859,TIMBAÚVA DO ITAPORORÓ,SALATIEL GREGÓRIO NEUWALD SILVA,18.297
Final Freio de Ouro,2025,1,82,B549929,15,ESTANCADO CONTRAPONTO,MACHO,19/12/2017,6,B137740,GANADERO DA HARMONIA,B215245,BUTIÁ URUGUAIANA,DOUGLAS MAXIMINO ZONTA,18.301
Final Freio de Ouro,2025,1,83,B540921,1181,BASCO ENVENENADO,MACHO,28/10/2017,6,B409696,BASCO VENENO,B330537,BASCA SALOMÉ,MARIANA FRANCO TELLECHEA E FILHOS,19.166
Final Freio de Ouro,2025,1,84,B546635,509,SANTIAGO DA BELA ALIANÇA-TE,MACHO,20/10/2017,7,B236065,ESQUILADOR DA BELA ALIANÇA,B153569,INEZITA DE SANTA ANGÉLICA,FRANCISCO CARLOS HABOWSKY,19.523
Final Freio de Ouro,2025,1,85,,,FOGATA GATOPARDO,MACHO,29/12/2016,0,B241654,CAPANEGRA MARTIN FIERRO,,,CRIOLLOS DON MIGUELS.R.L.,19.783
Final Freio de Ouro,2025,1,86,B521740,111,JUSTICEIRO 111 DO IMAGUARE,MACHO,10/11/2016,7,B397150,AS MALKE BRASÃO,B237715,TDO AMISTAD,KERLON DE ÁVILA FARIAS,20.261
Final Freio de Ouro,2025,1,87,B505730,623,TROTE LARGO DO RECANTO CRIOULO,MACHO,05/11/2016,6,B262648,MAÑANERO MANICERO,B210098,FLOR DE LIZ DO RECANTO CRIOULO,ADELMO HESS,19.968
Final Freio de Ouro,2025,1,88,B525057,220,MERLIN DA SAFF,MACHO,27/10/2016,6,B222650,GUASQUEIRO DO RECANTO CRIOULO,B476025,GAROA DA SAFF,ADEMIR E FÁBIO DA SILVA,18.285
Final Freio de Ouro,2025,1,89,B511592,344,LA CASTELLANA NORTEÑO,MACHO,26/10/2016,7,B192264,MATREIRO DO ITAPORORÓ,B356930,MADRIGUERA NÉVOA,MARCELO AMARAL MORAES,19.858
Final Freio de Ouro,2025,1,90,B504871,84,RESERVADO DE SÃO CRISTOVÃO,MACHO,25/10/2016,8,B351099,AS MALKE VERSO,B196565,CHIMARRITA DE SÃO CRISTOVÃO,TIAGO PERETTO,18.078
Final Freio de Ouro,2025,1,91,B503706,885,CAMPANA ECHO A MANO,MACHO,18/10/2016,7,B238882,TRIUNFO DO PURUNÃ,B392068,CAMPANA ANA TERRA,MÁRIO MOGLIA SUÑE,21.460
Final Freio de Ouro,2025,1,92,B515927,39,HILÁRIO DO CARAGUATÁ,MACHO,16/09/2016,6,B225205,ALMIRANTE DO CARAGUATÁ,B329333,FLEXILHA DO PASTOREIO,ANTÔNIO JUAREZ DA SILVA RAMOS,19.882
Final Freio de Ouro,2025,1,93,B503441,854,CAMPANA ESTRADERO,MACHO,01/09/2016,7,B238882,TRIUNFO DO PURUNÃ,B392066,CAMPANA ALZAPRIMA,MÁRIO MOGLIA SUÑE,19.170
Final Freio de Ouro,2025,1,94,B497594,299,GT HERDEIRO,MACHO,05/12/2015,8,B192263,MACANUDO DO ITAPORORÓ,B241761,GT FEITICEIRA,MARCIAL DOMINGOS CORREIA TERRA,18.700
Final Freio de Ouro,2025,1,95,B554105,2217,CAPANEGRA AHUMADO,MACHO,22/11/2015,7,B137740,GANADERO DA HARMONIA,B293204,CAPANEGRA PERSIANA,FERNANDO DORNELLES PONS,19.056
Final Freio de Ouro,2025,1,96,B475351,2168,CAPANEGRA ACERO CATALAN,MACHO,02/10/2015,7,B196924,CAPANEGRA JACARTA,B139655,LAÇOS ESPANHÓIS DO STRASS,FERNANDO DORNELLES PONS,19.236
Final Freio de Ouro,2025,1,97,B672647,1717,PERDIDO CRUZ Y FIERRO,MACHO,01/11/2014,0,,,,,CARLOS MARIA BRAIDA,18.622
Final Freio de Ouro,2025,1,98,B564030,531,JOTACE GRATIDÃO,FÊMEA,07/11/2018,6,B158687,JOTACE JOÃO BALAIO,B168876,JOTACE LAMPARINA,JOÃO JURACI CANTARELLI,19.185
Final Freio de Ouro,2025,1,99,B538347,37,ESPORA DA CABANHA FERRARIA,FÊMEA,17/12/2014,7,B353329,PIRAÍ 1830,B204216,AQUARELA DA CABANHA FERRARIA,CONDOMÍNIO CABANHA FERRARIA,19.012
Final Freio de Ouro,2025,1,100,B552832,222,NIAZZI ONÇA,FÊMEA,30/08/2015,7,B349886,NIAZZI IMPROVISO,B178899,OPINIÃO DO GARRUCHO,TIAGO ANTONIAZZI,18.947
Final Freio de Ouro,2025,1,101,B589066,44,IKARIA DA VILLA DA RAINHA,FÊMEA,16/11/2019,6,B418357,ESQUIVADO CALA BASSA-TE,B373390,CONQUISTA DO PURUNÃ,AGROPECUÁRIA PASSO DAS PEDRAS LTDA,18.888
Final Freio de Ouro,2025,1,102,B570719,130,MEIA VOLTA JOGADOR-TE,MACHO,03/09/2018,5,B301233,PO BANDIDAZO,B198666,QUEBRA PEDRA DO PURUNÃ,OSWALDO GUTHEIL E HILDA MARIA GOULART,18.537
Final Freio de Ouro,2025,1,103,B584512,24,DON MIRO 24 COSTEIRO,MACHO,17/08/2018,6,B297683,ESCALPO 1011 MAUFER,B317586,LEGENDA DA CHARQUEADA,MAURÍCIO LAMPERT WEIAND,18.511
Final Freio de Ouro,2025,1,104,B489094,350,TIO LAURINDO DO CERRO FRIO,MACHO,21/11/2015,5,B367688,CAPANEGRA SERENO II,B181042,GILCA VENCEDOR,CABANHA CERRO FRIO,18.266
Final Freio de Ouro,2025,1,105,B499896,463,EXPOENTE DA OCA,MACHO,24/07/2016,7,B348563,GRITO FUERTE 210 DA VENDRAMIN,B152258,BUTIÁ OLIVA,OTO BREIER,18.242
Final Freio de Ouro,2026,1,01,B620622,454,PP DEBOCHADA DA RENASCER,FÊMEA,30/11/2021,6,B399620,SANTA ALICE NUBLADO II,B279447,ESTAMPA II DA CAMILA,PAULO ROBERTO PAVIN,19.221
Final Freio de Ouro,2026,1,02,B628441,1106,SANTA ALICE AGUERRIDA,FÊMEA,02/11/2021,6,B399620,SANTA ALICE NUBLADO II,B464012,SANTA ALICE PECETA,MARCELO BOMFIGLIO MARÇAL,19.682
Final Freio de Ouro,2026,1,03,B614383,1343,RE SAIA CURTA,FÊMEA,08/01/2021,7,B457302,IMPULSO DA MAYA,B256263,CABOCLA DA ONICRON,EVALDO FRANCISCO DA ROSA,19.198
Final Freio de Ouro,2026,1,04,B601654,40,HARMONIA DA BARRA FUNDA,FÊMEA,02/12/2020,7,B363864,AS MALKE VETERANO,B313801,OK ENVIDIA,ROBERTO ARAÚJO DIEDRICH,18.724
Final Freio de Ouro,2026,1,05,B598912,569,CALHANDRA DA COXILHA ALTA,FÊMEA,29/11/2020,7,B476332,CAMPANA DON CASMURRO,B371773,RUANA DA COXILHA ALTA,CLÁUDIO FRANCO GONÇALVES,19.309
Final Freio de Ouro,2026,1,06,B620658,85,FARROUPILHA DO MONJOLO,FÊMEA,27/11/2020,6,B494611,ATROPELO DO MONJOLO,B160633,CALDERA SOMBRA,JOSÉ GOMES CEZAR E FILHO,20.627
Final Freio de Ouro,2026,1,07,,,LEYENDA SALVAJE,FÊMEA,22/11/2020,0,B284320,MAPA CALA BASSA,,,ANASTASIO GAMARRA,18.324
Final Freio de Ouro,2026,1,08,B613422,1339,PARCERIA DA QUINTA,FÊMEA,14/11/2020,6,B266264,ELEITO DO MANO A MANO,B374959,RAZÃO DO SONHO DA QUINTA,PÉRICLES E DINAH DRUCK,19.262
Final Freio de Ouro,2026,1,09,B656890,2969,DEL OESTE FOGATA,FÊMEA,25/10/2020,0,B616747,DEL OESTE ZORRINO,,,LA ESPERANZA DE BALLESTER S.R.L.,19.731
Final Freio de Ouro,2026,1,10,B613586,351,A LO LARGO PAMPA MIA,FÊMEA,14/10/2020,9,B509618,JALISCO DA GAP SÃO PEDRO,B413973,A LO LARGO GOTA D ÁGUA,PÉRICLES P.DRUCK E PAULO ROBERTO SOUTO,19.651
Final Freio de Ouro,2026,1,11,B609448,207,MARQUESA DO CANTO PORTO,FÊMEA,29/09/2020,6,B401915,JOTACE AMULETO,B243416,BT ZAINA II DO JUNCO,ANTONIO CARLOS CANTO PORTO FILHO,19.382
Final Freio de Ouro,2026,1,12,B611609,489,QUADRILHA DA TAMAREIRA -TE,FÊMEA,25/09/2020,6,B371076,JA LIBERTADOR,B462883,JASMIM DA TAMAREIRA,CARLA F. MUSA / ONÉCIO SILVEIRA PRADO JR,18.992
Final Freio de Ouro,2026,1,13,B601209,172,MACEDÔNIA DA MACEDÔNIA,FÊMEA,12/08/2020,8,B316303,SJ ACORDEON,B233451,OEA TARANTELA,PABLO RICARDO BENVENUTTI,19.860
Final Freio de Ouro,2026,1,14,B606179,1518,BASCA HARMONIA II,FÊMEA,01/08/2020,7,B243062,BASCO ONÁSSIS,B463167,AS MALKE DENGOSA-TE,MARIANA FRANCO TELLECHEA E FILHOS,19.300
Final Freio de Ouro,2026,1,15,B593337,591,QUEIMA ROUPA II DA TAMANCA,FÊMEA,23/01/2020,6,B460130,BASCO BALUARTE,B161532,BT NICOTINA II,LAURO CARDOSO TERRA E FILHOS,18.537
Final Freio de Ouro,2026,1,16,B578873,14,ERVA BRABA DO IGUATAMÃ,FÊMEA,26/12/2019,7,B252840,FERIADO DE SANTA EDWIGES,B364389,JÓIA RARA DO RODOPIO,PAULA ROBERTA MIGUEL,19.928
Final Freio de Ouro,2026,1,17,B590165,244,DRICA DE QUARACI,FÊMEA,14/12/2019,6,B269661,AS MALKE SEDUTOR- TE,B324898,VV VALENTIA,ROSALIE TAVARES NEGRINI JONES,19.768
Final Freio de Ouro,2026,1,18,B583492,07,LA VIRGÍNIA CANCION,FÊMEA,05/12/2019,7,B159375,JALISCO DE SANTA ANGÉLICA,B369397,SERENATA DA BOA VISTA,JOSE FERNANDO FAGUNDES,19.497
Final Freio de Ouro,2026,1,19,,,CRISOL GOLONDRINA,FÊMEA,04/12/2019,0,,,,,JUANA INES NOGUES,18.575
Final Freio de Ouro,2026,1,20,B586440,263,GUARITA IMBIRA,FÊMEA,19/11/2019,7,B192264,MATREIRO DO ITAPORORÓ,B216522,CARMEN ADMIRACIÓN,LUÍZ CARLOS ARDENGHY SOBRINHO E FILHOS,18.557
Final Freio de Ouro,2026,1,21,B576839,45,JUSTICEIRA DO AÇUNGUI,FÊMEA,14/11/2019,7,B349886,NIAZZI IMPROVISO,B260490,BARONESA DA BARAÚNA,LUIZ ERNESTO WENDLER E FILHOS,19.194
Final Freio de Ouro,2026,1,22,B596213,909,RANCÁGUA DO MACANUDO,FÊMEA,12/11/2019,6,B137740,GANADERO DA HARMONIA,B250930,BRILHANTINA DO MACANUDO,MAURO E TELMO FERREIRA,19.443
Final Freio de Ouro,2026,1,23,B588152,104,FASCINAÇÃO DA MELODIA,FÊMEA,07/11/2019,7,B422617,QUERENDON DO RECANTO CRIOULO,B391567,CIGANA DA MELODIA,RENARO CARDOSO DOS SANTOS,19.255
Final Freio de Ouro,2026,1,24,B582430,4016,PRESILHA 4016 DA TRADIÇÃO,FÊMEA,06/11/2019,6,B234496,LOS HERMANOS CIMARRON,B401470,PRESILHA 3694 DA TRADIÇÃO,PAULO MARTINS BASTOS,18.085
Final Freio de Ouro,2026,1,25,B593258,552,JOTACE HARMONIA,FÊMEA,30/10/2019,6,B323762,JOTACE VALE TUDO,B353730,JOTACE XANGUEIRA,JOÃO JURACI CANTARELLI,18.923
Final Freio de Ouro,2026,1,26,B597035,357,RENASCÊNCIA DO ESPIGÃO-TE,FÊMEA,20/10/2019,7,B589655,COLIBRI MATRERO,B398678,INDEPENDÊNCIA DO ESPIGÃO,JOSÉ ADEMIR PEREIRA,20.734
Final Freio de Ouro,2026,1,27,B592272,377,PROMESSA DA RORAIMA,FÊMEA,18/10/2019,6,B274076,ESTILHAÇO DO CAÇADOR,B345226,FACEIRA DA RORAIMA,RIVADAVIA FIORILLO MENARIM,19.802
Final Freio de Ouro,2026,1,28,B576920,1019,URTIGA II CHARRUA,FÊMEA,14/10/2019,9,B311023,LAS CALLANAS MIL RAZONES-TE,B248285,ESCOLTA II CHARRUA,JOÃO ROUGET PÉREZ WREGE,19.649
Final Freio de Ouro,2026,1,29,B595619,976,PO OBRA DE ARTE,FÊMEA,30/09/2019,8,B510560,PO LINDO PINGO,B163904,EL TRAPICHE FAMA,GONÇALO PORTO SILVA,18.681
Final Freio de Ouro,2026,1,30,B589935,2080,QUATIARA 2080 MAUFER,FÊMEA,26/09/2019,7,B438313,KT AMANHECER,B413494,HIJA BUENA 1438 MAUFER-TE,FERNANDO LAMPERT WEIAND,19.275
Final Freio de Ouro,2026,1,32,B608552,164,ED XISCA,FÊMEA,22/02/2019,6,B101899,CHICÃO DE SANTA ODESSA,B200122,ED DANÇARINA,VITOR E ROGÉRIO EDELWEISS,18.998
Final Freio de Ouro,2026,1,33,B558830,101,VELHO DINO FINA FLOR,FÊMEA,19/12/2018,7,B137740,GANADERO DA HARMONIA,B300269,JARARACA DA CHARQUEADA,ROBERTO BRUM SACCO,19.289
Final Freio de Ouro,2026,1,34,B562770,94,EL BARQUERO 94 HUBERTINA,FÊMEA,01/12/2018,7,B294584,HARMONIA TEMPRANO,B363561,EL BARQUERO 04 PATAGONIA,RICARDO GALICCHIO KROEF,19.379
Final Freio de Ouro,2026,1,35,B605436,70,GUERREIRA DA PAVEI,FÊMEA,26/11/2018,5,B101899,CHICÃO DE SANTA ODESSA,B268878,GUERREIRA DA ÁGUA VERDE,FILIPE SILVEIRA PAVEI,21.220
Final Freio de Ouro,2026,1,36,B551715,36,IMPERATRIZ DO AÇUNGUI,FÊMEA,05/11/2018,6,B186023,ALTO ASTRAL DE SANTA EDWIGES,B355896,GORDITA 178 DA VENDRAMIN,LUIZ ERNESTO WENDLER E FILHOS,18.759
Final Freio de Ouro,2026,1,37,B557730,143,BELLE PORCELANA,FÊMEA,27/10/2018,5,B152241,BUTIÁ OLODUM,B311476,DELICADA DA MAYA,ELIZABETH LEMANSKI,20.285
Final Freio de Ouro,2026,1,38,B560383,2473,CAPANEGRA DOÑA GUINDA-TE,FÊMEA,14/10/2018,7,B418357,ESQUIVADO CALA BASSA- TE,B270952,CAPANEGRA OÑA GUINDA,FERNANDO DORNELLES PONS,19.330
Final Freio de Ouro,2026,1,39,B553847,979,TEMPESTADE CHARRUA,FÊMEA,29/09/2018,7,B201279,AQUI ESTOY DA SANTA JUVITA,B223976,DONA DA CAPA CHARRUA,JOÃO ROUGET PÉREZ WREGE,19.181
Final Freio de Ouro,2026,1,40,B549927,755,DOMINGUEIRA DO RECANTO,FÊMEA,20/01/2018,6,B137740,GANADERO DA HARMONIA,B206563,NUVEM NEGRA DO RECANTO,SUCESSÃO CARLOS ALBERTO RUIZ SEVERO,19.119
Final Freio de Ouro,2026,1,41,,,INDIA ENVENENADA DEL CHAMAME,FÊMEA,28/12/2017,0,B409696,BASCO VENENO,D0092001,INDIECITA DEL CHAMAME,TOMAS Y MARTIN GURMENDEZ MARQUEZ,20.770
Final Freio de Ouro,2026,1,42,B536165,2020,ORQUÍDEA 2020 MAUFER,FÊMEA,22/11/2017,7,B074968,BT DELANTERO,B280822,VIRAÇÃO DO MANANTIAL,FERNANDO LAMPERT WEIAND,18.311
Final Freio de Ouro,2026,1,43,B541085,100,ILUMINADA DO RIO NEGRO,FÊMEA,20/11/2017,6,B327266,BEM FEITO CALA BASSA,B409864,DEBOCHADA DO RIO NEGRO,GUSTAVO CAMPONOGARA,19.954
Final Freio de Ouro,2026,1,44,B548863,446,IBERICA DA 3J,FÊMEA,13/11/2017,6,B146172,BT LUCERO,B251343,VIOLETA DA 3J,PARCERIA ANDRADE LIMA,19.842
Final Freio de Ouro,2026,1,45,B539100,540,OFERENDA DA TAMANCA,FÊMEA,26/10/2017,6,B101899,CHICÃO DE SANTA ODESSA,B269321,CAMPANA TARIMBERA,LAURO CARDOSO TERRA E FILHOS,20.029
Final Freio de Ouro,2026,1,46,B537731,171,TL NEVASCA,FÊMEA,08/10/2017,9,B299837,SENDERO ESTRIBO,B157664,OBA DO PAINEL,BRUNO BERWIG TOMBINI,18.716
Final Freio de Ouro,2026,1,47,B545123,347,VITÓRIA DO TAMBORÉ-TE,FÊMEA,22/09/2017,8,B280462,SARGENTO DO ITAPORORÓ,B410960,QUIMERA DO TAMBORÉ,DIEGO DE LUCENA ZANANDRÉA,19.232
Final Freio de Ouro,2026,1,48,B549896,992,SANTA ALICE SINHA MOÇA,FÊMEA,13/09/2017,6,B137740,GANADERO DA HARMONIA,B152271,SANTA ALICE SERENATA,MARCELO BOMFIGLIO MARÇAL,19.573
Final Freio de Ouro,2026,1,49,B536260,042,QT ÁUREA -TE,FÊMEA,01/12/2016,6,B409228,QT CHICÃO,B181878,QT MINHA VÓ,MÁRCIO FONTOURA VIEIRA MARQUES,18.669
Final Freio de Ouro,2026,1,50,B523967,1807,JABOTICABA DA GAP SÃO PEDRO,FÊMEA,30/09/2016,7,B396137,"FANTÁSTICO DE
SÃO PEDRO",B298852,BAZUCA DE SÃO PEDRO,EDUARDO MACEDO LINHARES,18.752
Final Freio de Ouro,2026,1,51,B508158,47,SANTA LARISSA CARAMEL,FÊMEA,27/09/2016,6,B371076,JA LIBERTADOR,B439105,TRÊS CERROS ELA É TOP,LUIZ KENDY MAEDA,18.858
Final Freio de Ouro,2026,1,52,B487977,86,BELONA DE QUARACI,FÊMEA,14/10/2015,6,B137740,GANADERO DA HARMONIA,B370017,ZR ESTRELA DA NOITE,ROSALIE TAVARES NEGRINI JONES,18.377
Final Freio de Ouro,2026,1,53,B445088,428,PASSO NOVO NAVALHA,FÊMEA,14/11/2013,6,B229532,JUPURÁ DA VIAMARA,B213522,SERPENTE DE PAI PASSO,MAURÍCIO BASTOS MOLINA,18.946
Final Freio de Ouro,2026,1,54,B636501,754,TENEDOR DA CABANHA SANTA FÉ,MACHO,16/11/2021,8,B457302,IMPULSO DA MAYA,B525507,OPALINA DA CABANHA SANTA FÉ,GILBERTO RODRIGUES DE FREITAS,19.568
Final Freio de Ouro,2026,1,55,B614387,1345,RE SILVESTRE-TE,MACHO,13/01/2021,7,B457302,IMPULSO DA MAYA,B149709,FAMOSA DA FASCINAÇÃO,EVALDO FRANCISCO DA ROSA,20.518
Final Freio de Ouro,2026,1,56,B609800,937,LEMA DOS CASTANHEIROS-TE,MACHO,25/12/2020,9,B422617,QUERENDON DO RECANTO CRIOULO,B443609,DESAVENÇA DOS CASTANHEIROS,MIGUEL E RODRIGO SCARPELLINI CAMPOS,19.449
Final Freio de Ouro,2026,1,57,B604107,69,SANTUÁRIO DO CURUPÁ,MACHO,01/12/2020,7,B226846,BUENAÇO DA MAIOR,B232431,PEONA DO ITAPORORÓ,RICARDO DE FREITAS LABRÊA,18.959
Final Freio de Ouro,2026,1,58,B603726,240,FLOREIO COLIBRI,MACHO,30/11/2020,6,B589655,COLIBRI MATRERO,B323389,FLOREIO PAQUERADA,LUIZ ALBERTO MARTINS BASTOS,18.817
Final Freio de Ouro,2026,1,59,B597067,27,ZAMORA FERRO E FOGO,MACHO,22/11/2020,7,B495332,UM BUENO DO PASSO DA LAGE,B157879,PRATA DE SANTA THEREZA,MARCO ANTONIO VIEIRA BORGES ANTUNES,19.852
Final Freio de Ouro,2026,1,60,B614849,365,A LO LARGO PENSAMENTO,MACHO,17/11/2020,6,B266264,ELEITO DO MANO A MANO,B456818,A LO LARGO INDIANA,PÉRICLES P.DRUCK E PAULO ROBERTO SOUTO,19.701
Final Freio de Ouro,2026,1,61,B602572,950,SOMBRERO DO MACANUDO,MACHO,15/11/2020,8,B137740,GANADERO DA HARMONIA,B349088,SANTA TERESA CANTARINA,MAURO E TELMO FERREIRA,20.673
Final Freio de Ouro,2026,1,62,B631926,92,FULANO DE TAL DE LOS BUENOS,MACHO,11/11/2020,8,B209322,MARAGATO DOS ALPES,B341066,LUNETA DA RECONQUISTA,LUIS CARLOS KOCZKODAY,18.956
Final Freio de Ouro,2026,1,63,B598568,01169,ESPERADO DE SANTA THEREZA,MACHO,10/11/2020,8,B467678,GOLILLA PATRON,B295501,OPALINA DE SANTA MARGARIDA,RODOLFO BELMONTE MÓGLIA,19.575
Final Freio de Ouro,2026,1,64,B608757,2171,GAP ORFEU,MACHO,04/11/2020,8,B396137,"FANTÁSTICO DE
SÃO PEDRO",B275959,AMANDA DE SÃO PEDRO,EDUARDO MACEDO LINHARES,20.765
Final Freio de Ouro,2026,1,65,,,LEON SALVAJE,MACHO,15/10/2020,0,B399620,SANTA ALICE NUBLADO II,D0099214,DINASTIA SALVAJE,ANASTASIO GAMARRA,19.810
Final Freio de Ouro,2026,1,66,B629333,93,RINCÃO DA ESTÂNCIA VELHA,MACHO,15/10/2020,7,B137740,GANADERO DA HARMONIA,B283150,AUDACIOSA DE SANTA ADÉLIA,EDUARDO GOULART E MATEUS SILVEIRA,18.638
Final Freio de Ouro,2026,1,67,B612225,351,FACON DO KAVAJU PORÃ,MACHO,12/10/2020,7,B331268,FESTEJO 1061 MAUFER,B247247,MESCLA DO KAVAJU PORÃ,JOSÉ FRANCISCO PEREIRA DE MOURA,19.188
Final Freio de Ouro,2026,1,68,B611619,492,QUADRO NEGRO DA TAMAREIRA,MACHO,05/10/2020,6,B371076,JA LIBERTADOR,B281763,VV TRANQUILA,CARLA F. MUSA / ONÉCIO SILVEIRA PRADO JR,19.859
Final Freio de Ouro,2026,1,69,B653514,2047,PATRONATO CALA BASSA-TE,MACHO,02/10/2020,6,B137740,GANADERO DA HARMONIA,B176061,FIRMEZA 1278 DO 1040,MARCELO REZENDE MÓGLIA,20.522
Final Freio de Ouro,2026,1,70,B613925,2122,GAP ONIX,MACHO,08/09/2020,8,B396137,FANTÁSTICO DE SÃO PEDRO,B482321,SÃO KAROL PRENDA,EDUARDO MACEDO LINHARES,18.447
Final Freio de Ouro,2026,1,71,B586302,474,PACIFICO CUPERTINO CORAZON,MACHO,29/02/2020,0,B589655,COLIBRI MATRERO,B327209,ALGAZARRA DA PALMEIRA,LA PACÍFICA,19.551
Final Freio de Ouro,2026,1,73,,,PACIFICO MERCENARIO,MACHO,12/12/2019,0,B589655,COLIBRI MATRERO,D0075777,PACIFICA VUELTA AL PAGO,LA PACÍFICA,18.000
Final Freio de Ouro,2026,1,74,B599465,1971,MOCCATEO CALA BASSA-TE,MACHO,20/11/2019,6,B589655,COLIBRI MATRERO,B353282,CAMBRAIA CALA BASSA,MARCELO REZENDE MÓGLIA,18.002
Final Freio de Ouro,2026,1,75,B577160,274,SANTA TECLA RELINCHO,MACHO,17/11/2019,6,B589655,COLIBRI MATRERO,B152508,NOTÍCIA II DE SÃO PEDRO,MÁXIMO ANTONIO DEUD E JAMIL DEUD JUNIOR,18.760
Final Freio de Ouro,2026,1,76,B606442,335,IMBATÍVEL DA GEMA-TE,MACHO,08/11/2019,7,B201279,AQUI ESTOY DA SANTA JUVITA,B501032,ERVA BUENA DA GEMA,WESLEY RAMINEZ BARRETO,18.248
Final Freio de Ouro,2026,1,77,B591519,1332,FAUSTINO DO INFINITO,MACHO,01/11/2019,7,B367555,VINAGRE DO INFINITO,B318801,TRAMPOSA DO INFINITO,ROBERTO SIDNEY DAVIS JÚNIOR,20.668
Final Freio de Ouro,2026,1,78,B588900,2571,CAPANEGRA ESPARTANO,MACHO,09/10/2019,7,B196924,CAPANEGRA JACARTA,B270893,CAPANEGRA ONÇA PARDA,FERNANDO DORNELLES PONS,19.198
Final Freio de Ouro,2026,1,79,B578110,117,ULTIMATO DE SÃO CRISTOVÃO,MACHO,06/10/2019,6,B351099,AS MALKE VERSO,B242006,EJV ESTAMPA,TIAGO PERETTO,18.691
Final Freio de Ouro,2026,1,80,B585541,890,IMIGRANTE DO ITAÓ,MACHO,01/10/2019,6,B589655,COLIBRI MATRERO,B377880,ZARCA DO ITAÓ,CÁSSIO SOUZA BONOTTO,19.180
Final Freio de Ouro,2026,1,81,B576760,110,LOS ROTCHA SARGENTO,MACHO,01/10/2019,8,B462421,SJ FESTEJO,B482882,LOS ROTCHA ORACION,RODRIGO E FERNANDO OCTÁVIO DA ROCHA,18.924
Final Freio de Ouro,2026,1,82,B594717,587,RINCÃO DA CABANHA SANTA FÉ,MACHO,25/09/2019,7,B317108,JA IMPULSO,B351455,HERDEIRA DA CABANHA SANTA FÉ,GILBERTO RODRIGUES DE FREITAS,19.821
Final Freio de Ouro,2026,1,83,B578484,5035,EMPRESÁRIO TUPAMBAÉ,MACHO,24/09/2019,9,B234851,SANTA ISABEL CALAMAR,B273602,OITO BAIXO TUPAMBAÉ,OSWALDO DORNELLES PONS,18.686
Final Freio de Ouro,2026,1,84,B634379,222,CACHIMBO TROVADOR 222-TE,MACHO,19/09/2019,6,B589655,COLIBRI MATRERO,B303367,MOROCHA DE LA MISTERIOSA,LUIZ MARTINS BASTOS NETO,19.748
Final Freio de Ouro,2026,1,85,B576012,1092,CAMPANA HABANERO,MACHO,10/09/2019,8,B481227,TAÑIDO CANTA GALLO,B220552,CAMPANA QUITANDA,MÁRIO MOGLIA SUÑE,19.816
Final Freio de Ouro,2026,1,86,B564928,720,VALE TUDO DO RECANTO CRIOULO-TE,MACHO,08/02/2019,7,B422617,QUERENDON DO RECANTO CRIOULO,B168476,BUENAÇA DO RECANTO CRIOULO,ADELMO HESS,18.416
Final Freio de Ouro,2026,1,87,B579134,1047,SANTA ALICE TACO,MACHO,10/01/2019,6,B464026,SANTA ALICE POSTEIRO,B223604,SANTA ALICE ESQUIVA,MARCELO BOMFIGLIO MARÇAL,18.607
Final Freio de Ouro,2026,1,88,B570652,141,QUEBRACHO NEGRO DO MORRO CHATO,MACHO,07/01/2019,6,B418357,ESQUIVADO CALA BASSA- TE,B330503,GALPONERA DO MORRO CHATO,MARLUS ARRUDA SILVA,19.100
Final Freio de Ouro,2026,1,89,B564929,714,VALE OURO DO RECANTO CRIOULO-TE,MACHO,05/01/2019,7,B196385,ENCOMENDERO DO RECANTO CRIOULO,B350285,NOBREZA DO RECANTO CRIOULO,ADELMO HESS,18.880
Final Freio de Ouro,2026,1,90,B578411,356,IPIRANGA DO PASSO FUNDO,MACHO,06/12/2018,6,B409696,BASCO VENENO,B318695,BENZEDEIRA DO PASSO FUNDO,EVARISTO TAGLIARI NETO,19.641
Final Freio de Ouro,2026,1,91,B573942,428,LA CASTELLANA PALESTINO,MACHO,30/11/2018,7,B192264,MATREIRO DO ITAPORORÓ,B427697,HASTA CUANDO DO SALIMAR,MARCELO AMARAL MORAES,20.211
Final Freio de Ouro,2026,1,92,B559034,176,GRANDE AMIGO DO PORTAL GAÚCHO,MACHO,28/11/2018,6,B324919,JOGO DURO DO PORTAL GAÚCHO,B325139,VIRAGRO TALERA,JOSÉ LUIZ TEIXEIRA MARCANTONIO,19.858
Final Freio de Ouro,2026,1,93,B558297,216,RIVAL DA DOM MANOEL,MACHO,22/10/2018,7,B323696,HILÁRIO DA DOM MANOEL,B272405,TJ AZULEGA,SÉRGIO ROBERTO DA SILVA NUNES,19.271
Final Freio de Ouro,2026,1,94,B562820,451,JULITO DA 3J,MACHO,24/09/2018,7,B321237,"ABRE CANCHA DA
3J",B422606,ESTA NOCHE DA 3J,PARCERIA ANDRADE LIMA,19.923
Final Freio de Ouro,2026,1,95,,,ENTREVERO DE LOS CARDOS,MACHO,02/11/2017,0,B210113,FACEIRO DO RECANTO CRIOULO,B291474,CAMPANA UNA GRINGA,MARCELO BERRUTTI,18.823
Final Freio de Ouro,2026,1,96,B546635,509,SANTIAGO DA BELA ALIANÇA-TE,MACHO,20/10/2017,7,B236065,ESQUILADOR DA BELA ALIANÇA,B153569,INEZITA DE SANTA ANGÉLICA,FRANCISCO CARLOS HABOWSKY,19.461
Final Freio de Ouro,2026,1,97,B515283,860,PO LAMPIÃO-TE,MACHO,21/11/2016,6,B296959,AS MALKE TORMENTO- TE,B110969,CONQUISTA DO ITAPORORÓ,GONÇALO PORTO SILVA,20.153
Final Freio de Ouro,2026,1,98,,,PAISANO GEN,MACHO,07/11/2016,0,,,,,SUC. DE EDUARDO VAQUER S. CIVIL,20.213
Final Freio de Ouro,2026,1,99,B511592,344,LA CASTELLANA NORTEÑO,MACHO,26/10/2016,7,B192264,MATREIRO DO ITAPORORÓ,B356930,MADRIGUERA NÉVOA,MARCELO AMARAL MORAES,19.278
Final Freio de Ouro,2026,1,100,B509629,1829,JAGUAR DA GAP SÃO PEDRO,MACHO,19/10/2016,7,B296959,AS MALKE TORMENTO- TE,B189933,RICOLETA DE SÃO PEDRO,EDUARDO MACEDO LINHARES,19.775
Final Freio de Ouro,2026,1,101,B524058,1746,RZ MALO ABRIGO DA CARAPUÇA-TE,MACHO,30/09/2016,5,B146172,BT LUCERO,B431256,RZ DOÑA LINDA DA CARAPUÇA,RUBENS ELIAS ZOGBI,18.592
Final Freio de Ouro,2026,1,102,B506486,1218,AS MALKE FOGO DE CHAO,MACHO,14/09/2016,6,B269661,AS MALKE SEDUTOR- TE,B311105,EXPLOSIVA DE LOS CAMPOS,JOSÉ SCHUTZ SCHWANCK,19.965
Final Freio de Ouro,2026,1,103,B503441,854,CAMPANA ESTRADERO,MACHO,01/09/2016,7,B238882,TRIUNFO DO PURUNÃ,B392066,CAMPANA ALZAPRIMA,MÁRIO MOGLIA SUÑE,19.504
Final Freio de Ouro,2026,1,104,B481753,1212,AS MALKE ESTRIBO,MACHO,02/01/2016,6,B269661,AS MALKE SEDUTOR- TE,B246210,AS MALKE QUEIMADA,JOSÉ SCHUTZ SCHWANCK,19.102
Final Freio de Ouro,2026,1,105,B486886,61,GUARANI 61 DA SORSUL,MACHO,24/09/2015,6,B382275,JAGUEL FRENAZO,B296931,LUMINA DO RECANTO CRIOULO,NORBERTO ULLMANN FILHO E POLIANI NARESSI,19.701
Final Freio de Ouro,2026,1,106,B672647,1717,PERDIDO CRUZ Y FIERRO,MACHO,01/11/2014,0,,,,,CARLOS MARIA BRAIDA,19.790
Final Freio de Ouro,2026,1,107,B632418,1195,RE RANCÁGUA,FÊMEA,05/12/2019,6,B589655,COLIBRI MATRERO,B256432,NEVASCA DA BOA VISTA,EVALDO FRANCISCO DA ROSA,18.672
Final Freio de Ouro,2026,1,108,B576030,1113,CAMPANA HERANÇA,FÊMEA,11/10/2019,6,B589655,COLIBRI MATRERO,B184786,CAMPANA NICOTINA,MÁRIO MOGLIA SUÑE,18.650
Final Freio de Ouro,2026,1,109,B602564,938,SACUDIDA II DO MACANUDO,FÊMEA,14/10/2020,7,B331268,FESTEJO 1061 MAUFER,B342807,CAMPANA XIRCA,MAURO E TELMO FERREIRA,18.647
Final Freio de Ouro,2026,1,110,B590114,242,TENTADORA DO OURIÇO,FÊMEA,18/10/2019,6,B115082,BT HOSPEDEIRO,B353100,ALEGRIA DOS CASTANHEIROS,LUIS AUGUSTO WEBER,18.441
Final Freio de Ouro,2026,1,111,B569989,519,CAMPEIO DA CABANHA SANTA FÉ,MACHO,03/10/2018,7,B317108,JA IMPULSO,B263920,RAPOSA DO ITAPORORÓ,GILBERTO RODRIGUES DE FREITAS,18.600
Final Freio de Ouro,2026,1,112,B607821,0504,SERTÃO DA MAIOR-TE,MACHO,07/12/2020,8,B401915,JOTACE AMULETO,B267674,MAÑANERO DICHOSA,LAURO VARELA MARTINS,18.561
Final Freio de Ouro,2026,1,113,B598560,1153,ESPANTO DE SANTA THEREZA,MACHO,20/08/2020,7,B372116,SEDUTOR TUPAMBAÉ,B196017,TERTULHA DE SANTA THEREZA,RODOLFO BELMONTE MÓGLIA,18.455
Final Freio de Ouro,2026,1,114,B594166,2002,MERLOT CALA BASSA,MACHO,05/12/2019,6,B450747,CAPANEGRA VENTHO,B328370,BONAVITA CALA BASSA,MARCELO REZENDE MÓGLIA,18.377
